_Time,L Swing Speed degree/ms,L Angle Diff,L Pos Diff,L Stamina,L Pattern Diff,L CombinedDiff
6.874666690826416,0,1,1,0,0,0
7.874666690826416,0.5666666666666667,1,1,5.553068938078703e-06,0.0625,1.0000676757376539
8.374666213989258,1.1333344141652562,1,1,0.00014993314730281764,0.09375,1.3214190007439433
8.874666213989258,1.1333333333333333,1,1,0.0006941344116337819,0.125,1.5728721197307678
9.874666213989258,0.5666666666666667,1,1,0.001199464034523407,0.15625,1.7802219153145815
10.374666213989258,1.1333333333333333,1,1,0.002843173329893302,0.1875,1.965184974914493
10.874666213989258,1.1333333333333333,1,1,0.0055530721155738726,0.21875,2.134030367831321
11.374666213989258,1.1333333333333333,1,1,0.009595707700592898,0.25,2.2926533064679333
12.874666213989258,0.3777777777777778,1,1,0.011285486534049627,0.28125,2.4260392905216968
13.374666213989258,1.1333333333333333,1,1,0.01751973366556313,0.3125,2.5711095899394465
17.624666213989258,0.13333333333333333,1,1,0.018376528832619393,0.34375,2.682168663637235
18.624666213989258,0.5666666666666667,1,1,0.022329821716191512,0.375,2.80098080158351
19.624666213989258,0.5666666666666667,1.75,1,0.026812942770229033,0.6680908203125,3.57027778569757
20.624666213989258,0.5666666666666667,1,1,0.03185921040836042,0.6993408203125,3.663166239394105
25.624666213989258,0.11333333333333333,1,1,0.03293897354647727,0.7305908203125,3.7338014973031086
26.624666213989258,0.5666666666666667,1,1,0.03870499739151089,0.7618408203125,3.8287610274784294
27.624666213989258,0.5666666666666667,1.75,1,0.04510746833062103,1.054931640625,4.408221694713385
28.624666213989258,0.5666666666666667,1,1,0.052179704777436144,1.086181640625,4.509195905898261
29.624666213989258,0.5666666666666667,1,1,0.05995502514558471,1.117431640625,4.615274756155152
30.124666213989258,1.1333333333333333,1,1,0.07774819130039612,1.148681640625,4.788489407040586
30.624666213989258,1.1333333333333333,1.5,1,0.09875351410408299,1.306884765625,5.209143974936179
31.124666213989258,1.1333333333333333,1,1,0.12323754086567319,1.338134765625,5.430007347153879
31.624666213989258,1.1333333333333333,1,1,0.1514668188941943,1.369384765625,5.670345982580548
32.12466812133789,1.1333290100262576,1,1,0.1837077645184274,1.400634765625,5.9296083726959665
32.62466812133789,1.1333333333333333,1.5,1,0.22022717017896715,1.558837890625,6.465257312029424
33.12466812133789,1.1333333333333333,1,1,0.26129146801672787,1.590087890625,6.770389281540206
33.62466812133789,1.1333333333333333,1.2,1.1,0.3071672053407373,1.684961570625,7.228428175638747
34.12466812133789,1.1333333333333333,1,1,0.3581209294600233,1.716211570625,7.571921009059773
34.62466812133789,1.1333333333333333,1.75,1,0.4144191876836136,2.0093023909375,8.506163765786651
35.12466812133789,1.1333333333333333,1,1,0.4763285273205359,2.0405523909375,8.897695532038266
35.62466812133789,1.1333333333333333,1.2,1.1,0.5441154956798179,2.1354260709375,9.403780878620463
36.12466812133789,1.1333333333333333,1,1,0.6180466400704877,2.1666760709375,9.560945369220088
36.62466812133789,1.1333333333333333,1.75,1,0.636803145049446,2.3852285006060607,10.282306052380537
37.12466812133789,1.1333333333333333,1,1,0.6547994542564393,2.344486485882353,10.163729272196665
37.87466812133789,0.7555555555555556,1,1,0.6475351377990585,2.3060725862857145,10.034384670674015
38.37466812133789,1.1333333333333333,1,1,0.6644073548962355,2.2697927922222223,9.93002489270618
38.87466812133789,1.1333333333333333,1,1,0.6806349501676721,2.2354740681081084,9.832100957345485
39.37466812133789,1.1333333333333333,1,1,0.6962502004258984,2.202961592631579,9.7400874409468
39.87466812133789,1.1333333333333333,1,1,0.7112837433712862,2.1721164235897437,9.653511392521576
40.37466812133789,1.1333333333333333,1,1,0.725764601232495,2.142813513,9.571946149009683
40.87466812133789,1.1333333333333333,1,1,0.7397202236982502,2.114940012682927,9.495005995107721
41.37466812133789,1.1333333333333333,1,1,0.7531765437202496,2.088393821904762,9.42234153563873
41.87466812133789,1.1333333333333333,1.2,1,0.7661580414556974,2.088049779534884,9.433006775597976
42.37466812133789,1.1333333333333333,1.2,1.1,0.7786878128797214,2.109593142727273,9.512871701406693
42.87466812133789,1.1333333333333333,1.2,1,0.7907876405415889,2.108793295111111,9.521394785016728
43.37466812133789,1.1333333333333333,1,1,0.8024780646447212,2.0846890930434783,9.455891000005083
44.62466812133789,0.4533333333333333,1,1,0.7765288023491035,2.0616106017021276,9.35855585187671
45.62466812133789,0.5666666666666667,1,1,0.7580652789521451,2.039493714166667,9.271172465920177
46.87466812133789,0.4533333333333333,1,1,0.7349670666721526,2.018279556734694,9.182312858549398
47.87466812133789,0.5666666666666667,1,1,0.7186809182340146,1.9979139656,9.10237052849359
49.12466812133789,0.4533333333333333,1,1,0.6980028037126923,1.9783470250980393,9.020903096046167
49.62466812133789,1.1333333333333333,1,1,0.7092426124332374,1.9595326592307694,8.97105278977018
50.12466812133789,1.1333333333333333,1.5,1,0.7201715804319435,2.0180792128301888,9.168151430610463
50.62466812133789,1.1333333333333333,1.5,1,0.7308013357362703,2.0744573755555558,9.357828258884897
51.12466812133789,1.1333333333333333,1.5,1,0.7411430258299845,2.1287854232727272,9.540456981607132
51.62466812133789,1.1333333333333333,1.5,1,0.751207331783274,2.1811731835714285,9.716392921753222
52.37466812133789,0.7555555555555556,1,1,0.7445512562731392,2.160450847017544,9.644513983862197
52.87466812133789,1.1333333333333333,1,1,0.7542373447807533,2.1404430737931035,9.589143770618078
54.87466812133789,0.2833333333333333,1,1,0.7281307206750361,2.1211135301694917,9.504585072035324
55.87466812133789,0.5666666666666667,1,1,0.7147388873926442,2.1024283046666667,9.433152923225121
57.12466812133789,0.4533333333333333,1,1,0.697550176877716,2.0843557095081966,9.360334640083666
57.62466812133789,1.1333333333333333,1,1,0.7069723133528869,2.0668661012903224,9.312460259998309
58.12466812133789,1.1333333333333333,1.5,1,0.7161758173327016,2.114415845714286,9.472785722975221
58.62466812133789,1.1333333333333333,1.5,1,0.7251675499709044,2.160479660625,9.627963179681613
59.12466812133789,1.1333333333333333,1.5,1,0.7339541359597165,2.2051261273846157,9.778219915544469
59.62466812133789,1.1333333333333333,1.5,1,0.7425419690148923,2.248419670909091,9.92377240218262
60.62466812133789,0.5666666666666667,1,1,0.7301691635912183,2.2297865414925373,9.853944256260792
61.12466812133789,1.1333333333333333,1,1,0.738530825753188,2.2117014452941177,9.803087086819632
61.62466812133789,1.1333333333333333,1,1,0.7467109746777916,2.1941405547826087,9.753921437188687
63.12466812133789,0.3777777777777778,1,1,0.728190187486123,2.177081404,9.683653280832269
64.62466430664062,0.3777787385187917,1,1,0.7104870520529439,2.1605027926760565,9.61560836615498
65.62466430664062,0.5666666666666667,1,1,0.6997379216424636,2.1443846983333334,9.554861945680742
67.12466430664062,0.3777777777777778,1,1,0.6833477645048202,2.128708195616438,9.490762983169823
68.62466430664062,0.3777777777777778,1,1,0.667648198848032,2.1134553821621624,9.42859382052846
69.62466430664062,0.5666666666666667,1,1,0.6583011115538552,2.0986093104,9.372978399793183
71.12466430664062,0.3777777777777778,1,1,0.6437094975033711,2.0841539247368424,9.314249109459535
72.62466430664062,0.3777777777777778,1,1,0.6297057396239628,2.0700740036363636,9.25720657558715
73.62466430664062,0.5666666666666667,1,1,0.6215339129850764,2.056355106153846,9.206085767928503
75.62466430664062,0.2833333333333333,1,1,0.6059004305432166,2.0429835225316455,9.149969840436356
78.62466430664062,0.1888888888888889,1.2,1.1,0.5884218935229169,2.0553957005,9.176276333387632
79.62466430664062,0.5666666666666667,1.2,1,0.5813941319060871,2.055620444938272,9.17145130848097
80.62466430664062,0.5666666666666667,1.2,1.1,0.5745919230896708,2.0675757780487807,9.205082503738616
81.62466430664062,0.5666666666666667,1.2,1,0.5680049792123988,2.0676483590361445,9.200215072109868
82.62466430664062,0.5666666666666667,1,1,0.5616236121715442,2.0549382595238095,9.153802337913582
83.62466430664062,0.5666666666666667,1,1,0.5554386914173711,2.0425272211764707,9.108485491812688
84.62466430664062,0.5666666666666667,1,1,0.5494416052064717,2.030404811627907,9.064226064360822
85.62466430664062,0.5666666666666667,1,1,0.543624224991905,2.0185610781609196,9.020987375962653
86.62466430664062,0.5666666666666667,1,1,0.5379788726615059,2.0069865204545456,8.978734433222025
87.62466430664062,0.5666666666666667,1,1,0.5324982903653872,1.9956720651685393,8.937433832467075
88.62466430664062,0.5666666666666667,1,1,0.5271756126999554,1.9846090422222222,8.897053669874746
89.62466430664062,0.5666666666666667,1,1,0.522004341039095,1.9737891626373627,8.85756345766999
90.37466430664062,0.7555555555555556,1,1,0.5209560188089225,1.963204497826087,8.822024192546124
90.87466430664062,1.1333333333333333,1,1,0.5278510977430141,1.9528474602150538,8.793466042463226
91.37466430664062,1.1333333333333333,1,1,0.5346581243189796,1.942710785106383,8.765665991938215
91.87466430664062,1.1333333333333333,1.2,1,0.5413782871004376,1.9440885663157896,8.775561513558339
92.37466430664062,1.1333333333333333,1.2,1.1,0.5480127809534668,1.95546220375,8.818086022629075
95.12466430664062,0.20606060606060606,1.2,1,0.5354293026163197,1.9566801191752579,8.812016751747692
95.62466430664062,1.1333333333333333,1.2,1.1,0.541941227823822,1.9676931563265307,8.853229915145363
97.12466430664062,0.3777777777777778,1.2,1,0.5331759714772317,1.9687629224242424,8.849806476991922
97.62466430664062,1.1333333333333333,1.2,1.1,0.5395619437157053,1.9794348708,8.889772416846137
100.12466430664062,0.22666666666666666,1,1,0.5280799678996904,1.9697374958415843,8.849005022632884
100.62466430664062,1.1333333333333333,1,1,0.53435055447246,1.9602302654901962,8.822786951089045
103.12466430664062,0.22666666666666666,1.2,1,0.5232125706760956,1.961330942524272,8.817638291064096
103.62466430664062,1.1333333333333333,1.2,1.1,0.529371352125272,1.9716638926923078,8.856328396465836
105.12466430664062,0.3777777777777778,1.2,1,0.521350625547911,1.9726347127619048,8.85326956421523
105.62466430664062,1.1333333333333333,1.2,1.1,0.5273961226491943,1.982666062264151,8.890854419869381
108.12466430664062,0.22666666666666666,1,1,0.5168291094967349,1.9734822672897196,8.852557621528506
108.62466430664062,1.1333333333333333,1,1,0.5227700038185626,1.9644685425925927,8.827583886839559
111.12466430664062,0.22666666666666666,1.2,1,0.5124983143240114,1.9654697486238533,8.822909875316194
111.62466430664062,1.1333333333333333,1.2,1.1,0.5183377782100815,1.975201457818182,8.859363859546216
113.12466430664062,0.3777777777777778,1.2,1,0.5109523548547615,1.9760879311711712,8.856604449771789
113.62466430664062,1.1333333333333333,1.2,1.1,0.5166895306591893,1.9855510546428572,8.89207246794555
116.12466430664062,0.22666666666666666,1,1,0.5069092842471989,1.9768293638938055,8.855957640266949
116.62466430664062,1.1333333333333333,1,1,0.5125513555367881,1.9682606852631581,8.832117807274429
119.12466430664062,0.22666666666666666,1.2,1,0.5030271245245986,1.969176679304348,8.827841816102918
119.62466430664062,1.1333333333333333,1.2,1.1,0.5085768983543407,1.9783730679310347,8.862300947983108
121.12466430664062,0.3777777777777778,1.2,1,0.5017391080553237,1.9791869733333334,8.859790889739605
121.62466430664062,1.1333333333333333,1.2,1.1,0.5071961647856622,1.988142657966102,8.89336518869121
123.62466430664062,0.2833333333333333,1.2,1,0.498997078186555,1.9888607868907564,8.88955707236538
124.62466430664062,0.5666666666666667,1.2,1.1,0.4954431248444176,1.9975865950000002,8.898904053184271
125.62466430664062,0.5666666666666667,1,1,0.49196441250028705,1.9893420776859505,8.863164413080057
126.62466430664062,0.5666666666666667,1,1,0.4885586511560195,1.981232716393443,8.828072143938645
127.62466430664062,0.5666666666666667,1,1,0.4852236406695033,1.9732552146341464,8.793610129598186
128.62466430664062,0.5666666666666667,1,1,0.4819572664685542,1.9654063822580647,8.759761844279943
129.62466430664062,0.5666666666666667,1,1,0.4787574955043563,1.9576831312000003,8.726511327560422
130.62466430664062,0.5666666666666667,1,1,0.47562237242914834,1.9500824714285716,8.69384316060011
131.62466430664062,0.5666666666666667,1,1,0.4725500159839594,1.9426015070866143,8.661742443555982
132.62466430664062,0.5666666666666667,1,1,0.46953861558320337,1.9352374328125002,8.630194774109707
133.62466430664062,0.5666666666666667,1.5,1,0.4776077045044584,1.9669757140625002,8.741453230333757
134.62466430664062,0.5666666666666667,1.5,1,0.4776077045044584,1.9987139953125002,8.81191635669292
135.62466430664062,0.5666666666666667,1.5,1,0.46953860027995425,2.0304522765625004,8.840816537765697
136.62466430664062,0.5666666666666667,1.5,1,0.4615609110176984,2.0621905578125004,8.869002373985346
137.62466430664062,0.5666666666666667,1.5,1,0.46156091101769864,2.0939288390625004,8.937806979717529
138.62466430664062,0.5666666666666667,1,1,0.45367410063940183,2.0939288390625004,8.896464630729072
139.62466430664062,0.5666666666666667,1,1,0.44587764854485096,2.0939288390625004,8.855296755404488
140.62466430664062,0.5666666666666667,1,1,0.43817103413383285,2.0939288390625004,8.814301461335605
141.62466430664062,0.5666666666666667,1,1,0.4407299557751509,2.0939288390625004,8.827947496556392
142.62466430664062,0.5666666666666667,1,1,0.4330829439308144,2.0939288390625004,8.787066252434725
143.62466430664062,0.5666666666666667,1,1,0.43892262709707114,2.0939288390625004,8.818313028453222
144.62466430664062,0.5666666666666667,1,1,0.43892262709707114,2.0939288390625004,8.818313028453222
145.62466430664062,0.5666666666666667,1,1,0.4389226270970713,2.0284686339843754,8.677601552141766
146.12466430664062,1.1333333333333333,1,1,0.44663802610642694,2.0284686339843754,8.718052754700915
146.62466430664062,1.1333333333333333,1,1,0.46075261374798926,2.0284686339843754,8.791318469075808
147.12466430664062,1.1333333333333333,1,1,0.4687210130936364,2.0284686339843754,8.832277290388333
147.62466430664062,1.1333333333333333,1,1,0.47678075884264937,1.9630084289062502,8.728466319206884
148.12466430664062,1.1333333333333333,1,1,0.484932371595241,1.9630084289062502,8.769273465693553
148.62466430664062,1.1333333333333333,1,1,0.49317637195162434,1.9630084289062502,8.800075682483257
149.12466430664062,1.1333333333333333,1,1,0.49317637195162434,1.9630084289062502,8.800075682483257
149.87466430664062,0.7555555555555556,1,1,0.4876700807160729,1.9312701476562502,8.691349487958536
150.37466430664062,1.1333333333333333,1,1,0.4876700807160729,1.9312701476562502,8.691349487958536
150.87466430664062,1.1333333333333333,1,1,0.4876700807160729,1.9312701476562502,8.691349487958536
151.37466430664062,1.1333333333333333,1,1,0.48767014349464916,1.9312701476562502,8.691349535954062
151.87466430664062,1.1333333333333333,1,1,0.48767014349464916,1.8995318664062502,8.586795058985759
152.37466430664062,1.1333333333333333,1,1,0.48767014349464916,1.8995318664062502,8.586795058985759
152.87466430664062,1.1333333333333333,1,1,0.48767014349464916,1.8836259464062501,8.534410260626009
153.37466430664062,1.1333333333333333,1,1,0.48767014349464916,1.8836259464062501,8.534410260626009
154.12466430664062,0.7555555555555556,1,1,0.48220499007238976,1.8181657413281251,8.314501409986548
154.62466430664062,1.1333333333333333,1,1,0.48220499007238976,1.8181657413281251,8.314501409986548
155.12466430664062,1.1333333333333333,1,1,0.48220499007238976,1.8022598213281251,8.262147680317785
155.62466430664062,1.1333333333333333,1,1,0.48220499007238976,1.8022598213281251,8.262147680317785
156.12466430664062,1.1333333333333333,1,1,0.4822049900723896,1.7367996162500001,8.046910579863345
156.62466430664062,1.1333333333333333,1,1,0.4822049900723896,1.7367996162500001,8.046910579863345
157.62466430664062,0.5666666666666667,1,1,0.4794877920143978,1.7367996162500001,8.044591723502213
158.37466430664062,0.7555555555555556,1,1,0.47408405679724314,1.7367996162500001,8.039999798532396
158.87466430664062,1.1333333333333333,1,1,0.4740840567972429,1.7367996162500001,8.039999798532396
159.37466430664062,1.1333333333333333,1,1,0.47408405679724275,1.7367996162500001,8.039999798532396
159.87466430664062,1.1333333333333333,1,1,0.4740840567972425,1.7367996162500001,8.039999798532396
160.37466430664062,1.1333333333333333,1,1,0.4740840567972423,1.7367996162500001,8.039999798532396
160.87466430664062,1.1333333333333333,1,1,0.47408405679724214,1.7367996162500001,8.039999798532396
161.37466430664062,1.1333333333333333,1,1,0.47408405679724214,1.7367996162500001,8.039999798532396
162.12466430664062,0.7555555555555556,1,1,0.46872107423526377,1.7284121162500001,8.007860021132295
162.62466430664062,1.1333333333333333,1,1,0.468721074235264,1.7125061962500001,7.955524464843469
163.12466430664062,1.1333333333333333,1,1,0.468721074235264,1.7041186962500001,7.927938322965897
163.62466430664062,1.1333333333333333,1,1,0.468721074235264,1.7041186962500001,7.927938322965897
164.12466430664062,1.1333333333333333,1.75,1,0.47840377735445994,1.7695789013281251,8.151464979435426
164.62466430664062,1.1333333333333333,1,1,0.4865738266834601,1.7695789013281251,8.158309286500495
165.12466430664062,1.1333333333333333,1.2,1,0.49650002077178307,1.7779664013281251,8.194225080175809
165.62466430664062,1.1333333333333333,1,1,0.5048742390942378,1.7779664013281251,8.201338540252305
166.37466430664062,0.7555555555555556,1,1,0.5093787429020971,1.7779664013281251,8.205190176895144
166.87466430664062,1.1333333333333333,1,1,0.5093787429020971,1.7779664013281251,8.205190176895144
167.37466430664062,1.1333333333333333,1,1,0.5093787429020971,1.7462281200781251,8.10130118131887
167.87466430664062,1.1333333333333333,1,1,0.5093787429020971,1.7144898388281251,7.9975279172006175
168.37466430664062,1.1333333333333333,1,1,0.5093787429020973,1.6827515575781251,7.893887058644864
168.87466430664062,1.1333333333333333,1,1,0.5093787429020973,1.6510132763281251,7.790396187676311
169.37466430664062,1.1333333333333333,1,1,0.5150469477977249,1.6510132763281251,7.795658882978135
170.12466430664062,0.7555555555555556,1,1,0.5093787429020973,1.6510132763281251,7.790396187676311
170.62466430664062,1.1333333333333333,1,1,0.5221911355989869,1.6510132763281251,7.802331895256916
171.12466430664062,1.1333333333333333,1,1,0.5308509917744202,1.6510132763281251,7.810479922746458
171.62466430664062,1.1333333333333333,1.75,1,0.5413685503847339,1.7164734814062501,8.03290791858733
172.12466430664062,1.1333333333333333,1,1,0.5413685503847334,1.7164734814062501,8.03290791858733
172.62466430664062,1.1333333333333333,1.2,1,0.5413685503847332,1.69312270015625,7.957045718546826
173.12466430664062,1.1333333333333333,1,1,0.5413685503847327,1.66138441890625,7.854073380008581
173.62466430664062,1.1333333333333333,1,1,0.5413685503847325,1.62964613765625,7.751278438166953
174.37466430664062,0.7555555555555556,1,1,0.5355084814690491,1.59790785640625,7.642924377535401
174.87466430664062,1.1333333333333333,1,1,0.5443145486889137,1.59790785640625,7.6515851200095035
175.37466430664062,1.1333333333333333,1,1,0.5443145486889135,1.59790785640625,7.6515851200095035
175.87466430664062,1.1333333333333333,1,1,0.5443145486889133,1.59790785640625,7.651585120009502
176.37466430664062,1.1333333333333333,1,1,0.5562054174493267,1.59790785640625,7.6633840871962615
176.87466430664062,1.1333333333333333,1,1,0.5682681971426217,1.59790785640625,7.675474800196934
177.37466430664062,1.1333333333333333,1,1,0.5774288623585195,1.59790785640625,7.684737300482073
178.12466430664062,0.7555555555555556,1,1,0.5835903422124572,1.59790785640625,7.691006060711054
178.62466430664062,1.1333333333333333,1,1,0.5960444833579641,1.59790785640625,7.703771393559716
179.12466430664062,1.1333333333333333,1,1,0.6055004803419368,1.59790785640625,7.71354716570027
179.62466430664062,1.1333333333333333,1,1,0.6182633209368112,1.59790785640625,7.726854521998984
180.12466430664062,1.1333333333333333,1.75,1,0.6312042579881025,1.663368061484375,7.948882548611001
180.62466430664062,1.1333333333333333,1,1,0.6410275789134355,1.663368061484375,7.958939026478262
181.12466430664062,1.1333333333333333,1.2,1,0.6559528367213104,1.671755561484375,8.001016841281205
181.62466430664062,1.1333333333333333,1,1,0.672806161014678,1.655849641484375,7.968170324990105
182.37466430664062,0.7555555555555556,1,1,0.6762110962666961,1.647462141484375,7.945240929683406
182.87466430664062,1.1333333333333333,1,1,0.6864947898762478,1.631556221484375,7.906044915595379
183.37466430664062,1.1333333333333333,1,1,0.6968822201773226,1.623168721484375,7.890922658081314
183.87466430664062,1.1333333333333333,1,1,0.7073739077701336,1.623168721484375,7.902422970395941
184.37466430664062,1.1333333333333333,1,1,0.7179703732548933,1.623168721484375,7.914118207174075
184.87466430664062,1.1333333333333333,1,1,0.728672137231815,1.623168721484375,7.926010374303923
185.37466430664062,1.1333333333333333,1,1,0.7394797203011113,1.623168721484375,7.938101463619862
185.87466430664062,1.1333333333333333,1,1,0.7503936430629957,1.623168721484375,7.950393451945457
186.37466430664062,1.1333333333333333,1,1,0.7614144261176807,1.623168721484375,7.962888300137328
186.87466430664062,1.1333333333333333,1,1,0.7725425900653796,1.623168721484375,7.975587952130949
187.37466430664062,1.1333333333333333,1,1,0.783778655506305,1.623168721484375,7.9884943339894825
187.87466430664062,1.1333333333333333,1,1,0.7913295681607949,1.623168721484375,7.997214381138516
188.87466430664062,0.5666666666666667,1,1,0.7800212791687114,1.623168721484375,7.984169118589625
189.37466430664062,1.1333333333333333,1,1,0.7800212791687114,1.623168721484375,7.984169118589625
190.37466430664062,0.5666666666666667,1,1,0.7688212387366631,1.614781221484375,7.945315323087502
190.87466430664062,1.1333333333333333,1,1,0.7688212387366627,1.598875301484375,7.896034561990799
191.37466430664062,1.1333333333333333,1,1,0.7872049055906735,1.590487801484375,7.891533714637875
191.87466430664062,1.1333333333333333,1,1,0.7872049055906735,1.574581881484375,7.842538389037225
192.37466430664062,1.1333333333333333,1,1,0.8023990517543367,1.566194381484375,7.834844076701339
192.87466430664062,1.1333333333333333,1,1,0.8023990517543367,1.550288461484375,7.786113994918031
193.37466430664062,1.1333333333333333,1,1,0.8208885653615031,1.550288461484375,7.808514990246707
194.12466430664062,0.7555555555555556,1,1,0.8131504682376912,1.550288461484375,7.799114165457825
194.62466430664062,1.1333333333333333,1,1,0.8318041490728968,1.541900961484375,7.796318268167866
195.12466430664062,1.1333333333333333,1,1,0.8318041490728968,1.525995041484375,7.747991767586937
195.62466430664062,1.1333333333333333,1.75,1,0.8475650630476487,1.5830677465625,7.940878447556846
196.12466430664062,1.1333333333333333,1,1,0.8475650630476487,1.5671618265625,7.892465140806232
196.62466430664062,1.1333333333333333,1.2,1,0.8667394218387646,1.5755493265625,7.941467631704365
197.12466430664062,1.1333333333333333,1,1,0.8667394218387646,1.5755493265625,7.941467631704365
197.62466430664062,1.1333333333333333,1,1,0.8862008076571519,1.5671618265625,7.940183215055436
198.37466430664062,0.7555555555555556,1,1,0.8780568783726728,1.5512559065625,7.881997576358705
198.87466430664062,1.1333333333333333,1,1,0.8943949382273501,1.5428684065625,7.877273219308625
199.37466430664062,1.1333333333333333,1,1,0.8943949382273501,1.5269624865625,7.829502099608266
199.87466430664062,1.1333333333333333,1,1,0.9142665958850208,1.5269624865625,7.8549055209098295
200.37466430664062,1.1333333333333333,1,1,0.9142665958850208,1.5269624865625,7.8549055209098295
200.87466430664062,1.1333333333333333,1,1,0.9344304338179372,1.5185749865625,7.855929544774321
201.37466430664062,1.1333333333333333,1,1,0.9344304338179369,1.5026690665625,7.808656726125207
202.12466430664062,0.7555555555555556,1,1,0.9429187736930709,1.4942815665625,7.794925028347366
202.62466430664062,1.1333333333333333,1,1,0.9429187736930709,1.4783756465625,7.747881415042148
203.12466430664062,1.1333333333333333,1,1,0.9622051569444202,1.4699881465625,7.748850096745009
203.62466430664062,1.1333333333333333,1,1,0.9752077546296339,1.4540822265625,7.71969546584031
204.12466430664062,1.1333333333333333,1.75,1,0.9883269667625474,1.519542431640625,7.929511240605814
204.62466430664062,1.1333333333333333,1,1,1.0015633139433737,1.519542431640625,7.947090656220539
205.12466430664062,1.1333333333333333,1.2,1,1.0149173167723249,1.527929931640625,7.989522304317967
205.62466430664062,1.1333333333333333,1,1,1.0283894958496151,1.527929931640625,8.007522868593831
206.12466430664062,1.1333333333333333,1,1,1.0419803717754563,1.527929931640625,8.025764827039756
206.62466430664062,1.1333333333333333,1,1,1.0556904651500625,1.527929931640625,8.044249327550338
207.12466430664062,1.1333333333333333,1.5,1,1.0695202965736452,1.559668212890625,8.155483725979561
207.62466430664062,1.1333333333333333,1.5,1,1.083470386646419,1.591406494140625,8.266903754112889
208.12466430664062,1.1333333333333333,1.5,1,1.0975412559685953,1.591406494140625,8.285686043810603
208.62466430664062,1.1333333333333333,1,1,1.1117334251403885,1.559668212890625,8.212485601299996
209.12466430664062,1.1333333333333333,1,1,1.12604741476201,1.527929931640625,8.140347469558497
209.62466430664062,1.1333333333333333,1,1,1.1404837454336745,1.496191650390625,8.069288428589847
210.12466430664062,1.1333333333333333,1,1,1.155042937755593,1.464453369140625,7.999323077732303
210.62466430664062,1.1333333333333333,1,1,1.1697255123279797,1.464453369140625,8.020214725358395
211.12466430664062,1.1333333333333333,1,1,1.1845319897510471,1.464453369140625,8.041355796890343
211.62466430664062,1.1333333333333333,1,1,1.1994628906250082,1.464453369140625,8.062746920632899
212.12466430664062,1.1333333333333333,1,1,1.2145187355500764,1.464453369140625,8.084388684363155
212.62466430664062,1.1333333333333333,1,1,1.2297000451264632,1.464453369140625,8.106281635293675
213.12466430664062,1.1333333333333333,1,1,1.2450073399543837,1.464453369140625,8.128426280066892
213.87466430664062,0.7555555555555556,1,1,1.2501378582665372,1.464453369140625,8.135863842016816
214.37466430664062,1.1333333333333333,1,1,1.2656139432523879,1.464453369140625,8.158344796621023
214.87466430664062,1.1333333333333333,1,1,1.2656139432523879,1.464453369140625,8.158344796621023
215.37466430664062,1.1333333333333333,1,1,1.2656139432523887,1.464453369140625,8.158344796621023
215.87466430664062,1.1333333333333333,1,1,1.2656139432523887,1.464453369140625,8.158344796621023
216.37466430664062,1.1333333333333333,1.2,1,1.2656139432523879,1.472840869140625,8.181783639954618
216.87466430664062,1.1333333333333333,1.2,1.1,1.2656139432523879,1.488746789140625,8.22631145615565
217.37466430664062,1.1333333333333333,1.2,1,1.2656139432523879,1.497134289140625,8.249832891244292
219.37466430664062,0.2833333333333333,1.2,1.1,1.2424473530805564,1.513040209140625,8.261367243349902
219.87466430664062,1.1333333333333333,1.2,1,1.252708394525235,1.521427709140625,8.29967712026678
220.37466430664062,1.1333333333333333,1.2,1.1,1.252708394525235,1.537333629140625,8.344597812727434
221.62466430664062,0.4533333333333333,1.2,1,1.2342789814361192,1.545721129140625,8.342275499940142
223.61685180664062,0.28444444444444444,1.2,1.1,1.21152714121073,1.561627049140625,8.355626754371677
232.24966430664062,0.06564102564102564,1,1,1.183310179566592,1.561627049140625,8.316384003295129
234.24185180664062,0.28444444444444444,1,1,1.1611910201936615,1.561627049140625,8.285823356959423
237.56216430664062,0.17066666666666666,1,1,1.1364427360870852,1.561627049140625,8.251848854310449
239.55435180664062,0.28444444444444444,1,1,1.1149133862926222,1.561627049140625,8.222488038014989
241.87857055664062,0.2438095238095238,1,1,1.1020669019385605,1.561627049140625,8.205057557693733
242.54263305664062,0.8533333333333334,1,1,1.0950799477493662,1.561627049140625,8.195605990676327
243.53872680664062,0.5688888888888889,1,1,1.0810850291885024,1.561627049140625,8.176735955347453
244.86685180664062,0.4266666666666667,1,1,1.0637325763093302,1.561627049140625,8.153455000097555
246.85903930664062,0.28444444444444444,1,1,1.0431345371680598,1.561627049140625,8.12599102788923
248.18325805664062,0.4279252704031465,1,1,1.0262216984127197,1.561627049140625,8.103583626394776
250.17935180664062,0.2838878016960209,1,1,1.0194934687344694,1.561627049140625,8.09470620071197
252.17153930664062,0.28444444444444444,1,1,1.0083496226623114,1.561627049140625,8.080049343037635
252.83560180664062,0.8533333333333334,1,1,1.0017650285549426,1.561627049140625,8.071416683814986
253.49966430664062,0.8533333333333334,1,1,0.9952091622670203,1.561627049140625,8.062842354300777
255.49185180664062,0.28444444444444444,1,1,0.9755083702397676,1.561627049140625,8.03720202218071
257.4840393066406,0.28444444444444444,1,1,0.9560693020881468,1.561627049140625,8.012091837957154
258.8121643066406,0.4266666666666667,1,1,0.9400854043871635,1.561627049140625,7.9915895764432605
260.4723205566406,0.3413333333333333,1,1,0.9223842330589777,1.561627049140625,7.969040855577717
261.1363830566406,0.8533333333333334,1,1,0.9245574352067915,1.561627049140625,7.971800226542882
261.8004455566406,0.8533333333333334,1,1,0.918343266659264,1.561627049140625,7.963916680089135
263.1285705566406,0.4266666666666667,1,1,0.9027838421683738,1.561627049140625,7.944269169214099
263.7926330566406,0.8533333333333334,1,1,0.8966677338786527,1.561627049140625,7.936582497111795
264.7887268066406,0.5688888888888889,1,1,0.8844225312542292,1.4961668440625,7.724446920080229
265.4527893066406,0.8533333333333334,1,1,0.8783897290617817,1.4961668440625,7.716706111400661
266.1168518066406,0.8533333333333334,1,1,0.8723844233085724,1.4877793440625,7.683865030429226
266.7809143066406,0.8533333333333334,1,1,0.8664065511894251,1.4877793440625,7.6762058110717515
267.4449768066406,0.8533333333333334,1,1,0.8684909487138628,1.4877793440625,7.678874220635583
268.1090393066406,0.8533333333333334,1,1,0.8625308964929641,1.4877793440625,7.671250697801909
268.7731018066406,0.8533333333333334,1,1,0.8565981742277421,1.4877793440625,7.6636818735421794
269.4371643066406,0.8533333333333334,1,1,0.8506927191130212,1.4877793440625,7.656167561906297
270.1012268066406,0.8533333333333334,1,1,0.8448144683436253,1.4877793440625,7.6487075751815965
270.7652893066406,0.8533333333333334,1,1,0.8389633591143791,1.4877793440625,7.641301723915648
271.4293518066406,0.8533333333333334,1,1,0.8331393286201068,1.4877793440625,7.633949816939353
272.0934143066406,0.8533333333333334,1,1,0.8351700439997757,1.4877793440625,7.636511031833871
272.7574768066406,0.8533333333333334,1,1,0.8293636024376781,1.4877793440625,7.629194127965121
273.4215393066406,0.8533333333333334,1,1,0.823584135932169,1.4877793440625,7.621930849111571
274.0856018066406,0.8533333333333334,1,1,0.817831581678072,1.422319138984375,7.417314509248476
274.7496643066406,0.8533333333333334,1,1,0.812105876870212,1.422319138984375,7.409935165533215
276.7418518066406,0.28444444444444444,1,1,0.7949104437219326,1.413931638984375,7.362609738012937
278.7340393066406,0.28444444444444444,1,1,0.7779594694119814,1.413931638984375,7.340960570198078
280.06182861328125,0.4267745370689589,1,1,0.7640357565935288,1.413931638984375,7.323307446321387
281.05792236328125,0.5688888888888889,1,1,0.7603851850018372,1.413931638984375,7.318698771859545
281.72198486328125,0.8533333333333334,1,1,0.7549311596891338,1.413931638984375,7.311828730632367
282.38604736328125,0.8533333333333334,1,1,0.7495032770394087,1.413931638984375,7.305010075743626
283.05010986328125,0.8533333333333334,1,1,0.7441014742474856,1.413931638984375,7.298242605355023
283.71417236328125,0.8533333333333334,1,1,0.7387256885081893,1.413931638984375,7.291526116189372
285.3746643066406,0.3412643276788394,1.2,1.1,0.7236589179599411,1.429837558984375,7.321468163537752
286.70245361328125,0.4267745370689589,1.2,1.1,0.7103928384302989,1.445743478984375,7.354142568072687
288.03057861328125,0.4266666666666667,1.2,1.1,0.7042734457864598,1.461649398984375,7.395823482032249
289.35870361328125,0.4266666666666667,1.2,1.1,0.691244105744645,1.477555318984375,7.4296074907047505
290.6871643066406,0.42655885078066974,1,1,0.6783745126609725,1.477555318984375,7.414534226141617
292.0152893066406,0.4266666666666667,1,1,0.6656675831898706,1.477555318984375,7.399767446444276
293.3434143066406,0.4266666666666667,1,1,0.6531203321753668,1.41209511390625,7.181461340702265
294.6715393066406,0.4266666666666667,1,1,0.6407317499806882,1.41209511390625,7.1667650970531405
295.99932861328125,0.4267745370689589,1,1,0.6285026820003807,1.40370761390625,7.126232755806157
297.21356201171875,0.4666867732314601,1,1,0.6171080120011663,1.40370761390625,7.112853906440664
298.42779541015625,0.4666867732314601,1,1,0.6122135950115782,1.40370761390625,7.107137081951256
299.64202880859375,0.4666867732314601,1,1,0.6010172644267275,1.40370761390625,7.094127741900959
300.8529052734375,0.46798057697800627,1,1,0.5899796109530697,1.40370761390625,7.081396919300689
302.1430969238281,0.43921123384661476,1,1,0.578609602315279,1.40370761390625,7.068381915394566
303.4333801269531,0.4391800693787449,1,1,0.5673861204745678,1.40370761390625,7.055634748619568
304.6476135253906,0.4666867732314601,1,1,0.5567449104624184,1.40370761390625,7.0436420516038005
305.7139587402344,0.5314101463377406,1,1,0.5472518782477891,1.40370761390625,7.033020885998283
307.4139709472656,0.333330939814981,1,1,0.5348027752638665,1.40370761390625,7.0192046587359105
307.9623718261719,1.0333073641253943,1,1,0.5332596483509203,1.40370761390625,7.0175010328761225
309.6075134277344,0.3444485666938735,1,1,0.5211932098260562,1.40370761390625,7.0042484712934225
310.1387634277344,1.0666666666666667,1,1,0.520181929813904,1.40370761390625,7.0031433643445435
310.6700134277344,1.0666666666666667,1,1,0.5191719587843714,1.40370761390625,7.002040554227321
311.2012634277344,1.0666666666666667,1,1,0.5267786858392841,1.40370761390625,7.010367760046339
311.7325134277344,1.0666666666666667,1,1,0.5257601912698983,1.40370761390625,7.009249962660499
312.2476501464844,1.1000315955766193,1,1,0.5339454884745765,1.40370761390625,7.018257961092557
312.7627868652344,1.1000315955766193,1,1,0.5334319533197255,1.40370761390625,7.017691160496527
313.2779235839844,1.1000315955766193,1,1,0.5329187475404918,1.40370761390625,7.01712494351116
313.7930603027344,1.1000315955766193,1,1,0.5324058710312126,1.40370761390625,7.01655930973398
314.3081970214844,1.1000315955766193,1,1,0.5318933236862254,1.40370761390625,7.015994258762472
314.8081970214844,1.1333333333333333,1,1,0.5318933236862254,1.40370761390625,7.015994258762472
315.3081970214844,1.1333333333333333,1,1,0.5318933236862252,1.40370761390625,7.01599425876247
315.8081970214844,1.1333333333333333,1,1,0.5377270369277877,1.40370761390625,7.022438513561358
316.3081970214844,1.1333333333333333,1,1,0.5377270369277877,1.40370761390625,7.022438513561358
316.8081970214844,1.1333333333333333,1,1,0.5377270369277877,1.40370761390625,7.022438513561358
317.3081970214844,1.1333333333333333,1,1,0.5377270369277877,1.338247408828125,6.8153288514537635
317.8081970214844,1.1333333333333333,1,1,0.5377270369277877,1.338247408828125,6.8153288514537635
318.3081970214844,1.1333333333333333,1,1,0.5377270369277877,1.329859908828125,6.788916063821528
318.8081970214844,1.1333333333333333,1.2,1.1,0.5377270369277877,1.3457658288281251,6.83902992458952
319.3081970214844,1.1333333333333333,1.2,1,0.5377270369277877,1.3541533288281251,6.865498162272473
319.8081970214844,1.1333333333333333,1.2,1.1,0.5436032504127641,1.3700592488281251,6.9224285466748885
320.3081970214844,1.1333333333333333,1.2,1,0.5436032504127641,1.3784467488281251,6.948942793505072
320.8081970214844,1.1333333333333333,1.2,1.1,0.5436032504127641,1.3943526688281251,6.99929807761038
321.3081970214844,1.1333333333333333,1.2,1.1,0.5436032504127644,1.4102585888281252,7.0497474209592355
322.3081970214844,0.5666666666666667,1,1,0.5348048774173247,1.4102585888281252,7.040036029937848
324.0581970214844,0.3238095238095238,1.2,1,0.5224012241511765,1.418646088828125,7.053217614703771
325.3081970214844,0.4533333333333333,1.2,1.1,0.5121315864829971,1.4345520088281252,7.09306099517878
325.8081970214844,1.1333333333333333,1.2,1.1,0.5178201571860385,1.450457928828125,7.150077490092016
327.8081970214844,0.2833333333333333,1,1,0.5050796572649435,1.450457928828125,7.136665086269801
328.3081970214844,1.1333333333333333,1,1,0.5050796572649435,1.4504579288281252,7.136665086269803
328.8081970214844,1.1333333333333333,1,1,0.5050796572649435,1.4504579288281252,7.136665086269803
330.30816650390625,0.377785463842716,1,1,0.49393182960398685,1.38499772375,6.914822456765409
332.05816650390625,0.3238095238095238,1.2,1,0.4821709553580751,1.3933852237500002,6.929073195781715
333.30816650390625,0.4533333333333333,1.2,1.1,0.47243731489548946,1.4009036437500002,6.942942056155742
333.80816650390625,1.1333333333333333,1.2,1.1,0.47243731489548946,1.4168095637500002,6.994219450519386
336.80816650390625,0.1888888888888889,1,1,0.45913696795841724,1.4168095637500002,6.980448068729148
337.30816650390625,1.1333333333333333,1,1,0.45913696795841724,1.4168095637500002,6.980448068729148
340.05816650390625,0.20606060606060606,1.2,1,0.44632362734400255,1.3934587825000002,6.891651594845248
341.30816650390625,0.4533333333333333,1.2,1.1,0.43708024478830426,1.3776264212500002,6.8308094079176165
341.80816650390625,1.1333333333333333,1.2,1.1,0.43708024478830426,1.3617940600000003,6.7795683070045865
343.80816650390625,0.2833333333333333,1,1,0.4257066280567567,1.3617940600000003,6.76770101438259
344.30816650390625,1.1333333333333333,1,1,0.4257066280567567,1.3617940600000003,6.76770101438259
344.80816650390625,1.1333333333333333,1,1,0.4257066280567567,1.3617940600000003,6.76770101438259
346.30816650390625,0.3777777777777778,1,1,0.41576389604807945,1.3617940600000003,6.757426330965792
348.80816650390625,0.22666666666666666,1.2,1,0.40403847098405743,1.3701815600000002,6.772771162052869
349.30816650390625,1.1333333333333333,1.2,1.1,0.4040384709840572,1.3860874800000003,6.824678997854475
351.55816650390625,0.2518518518518518,1.2,1,0.39285213727936186,1.3944749800000003,6.841029097069342
352.05816650390625,1.1333333333333333,1.2,1.1,0.39285213727936164,1.4103809000000003,6.893177375972483
352.55816650390625,1.1333333333333333,1.2,1,0.39285213727936186,1.4187684000000003,6.920703624991727
353.05816650390625,1.1333333333333333,1.2,1.1,0.39285213727936186,1.4346743200000003,6.972953951986209
355.80426025390625,0.20635372214319583,1.5,1,0.38598805329026903,1.4664126012500003,7.0710217407538885
356.30426025390625,1.1333333333333333,1.5,1,0.3859880532902688,1.4981508825000003,7.175836138310293
356.80426025390625,1.1333333333333333,1.5,1,0.38598805329026903,1.5298891637500003,7.280849084135339
358.30426025390625,0.3777777777777778,1.5,1,0.37667623182407733,1.5616274450000003,7.321854762488334
360.05816650390625,0.32308834446919077,1.2,1,0.3668581274228541,1.5700149450000003,7.291733194630126
361.30816650390625,0.4533333333333333,1.2,1.1,0.35875115465859675,1.5775333650000003,7.267661931798761
361.80816650390625,1.1333333333333333,1.2,1.1,0.3587511546585966,1.5775333650000003,7.267661931798759
363.80426025390625,0.2838878016960209,1.5,1,0.34879297599983977,1.6008841462500003,7.268823936483525
364.30426025390625,1.1333333333333333,1.5,1,0.35875771590340155,1.6167165075000003,7.355495580763302
364.80426025390625,1.1333333333333333,1.5,1,0.35875771590340155,1.6400672887500003,7.407481463513065
366.30426025390625,0.3777777777777778,1.5,1,0.3498909397519698,1.6558996500000003,7.396269221755588
368.80816650390625,0.2263130525221009,1.2,1,0.3472555945549388,1.6558996500000003,7.382420009340363
369.30816650390625,1.1333333333333333,1.2,1.1,0.3571780595692811,1.6558996500000003,7.43436653106099
371.80816650390625,0.22666666666666666,1,1,0.35908132476920696,1.6558996500000003,7.444269934075606
372.30816650390625,1.1333333333333333,1,1,0.3692267427301842,1.6558996500000003,7.496742584566501
372.80816650390625,1.1333333333333333,1,1,0.38096114324184643,1.6558996500000003,7.556791382384809
374.30816650390625,0.3777777777777778,1,1,0.3821118692912758,1.6558996500000003,7.562644307681953
376.05816650390625,0.3238095238095238,1.2,1,0.38310004830024125,1.6642871500000003,7.586499457287751
377.30816650390625,0.4533333333333333,1.2,1.1,0.3781761461454125,1.6801930700000003,7.596904305001885
377.80816650390625,1.1333333333333333,1.2,1.1,0.38513665247281137,1.6960989900000003,7.668088890240178
379.80816650390625,0.2833333333333333,1,1,0.38336110156829495,1.6960989900000003,7.658986391757422
380.30816650390625,1.1333333333333333,1,1,0.393956719158993,1.6960989900000003,7.7130825555227815
381.80816650390625,0.3777777777777778,1,1,0.3933254313593605,1.6960989900000003,7.709874323856065
382.30816650390625,1.1333333333333333,1,1,0.40411015918946097,1.6960989900000003,7.764433067525825
383.55816650390625,0.4533333333333333,1,1,0.4062776322963652,1.6960989900000003,7.775335284725495
384.05816650390625,1.1333333333333333,1,1,0.4098881265585207,1.6960989900000003,7.793450327418739
384.55816650390625,1.1333333333333333,1,1,0.4135199481178184,1.6960989900000003,7.811615902187919
385.05816650390625,1.1333333333333333,1,1,0.42466169674460585,1.6960989900000003,7.864372993634564
385.55816650390625,1.1333333333333333,1,1,0.4360018022990554,1.6960989900000003,7.873775147851774
386.05816650390625,1.1333333333333333,1,1,0.44559454715988006,1.6960989900000003,7.881821993927305
390.3081970214844,0.13333237592599242,1,1,0.44275654821767924,1.6960989900000003,7.879432469421335
391.3081970214844,0.5666666666666667,1,1,0.4388650062608032,1.6960989900000003,7.876168006062606
392.3081970214844,0.5666666666666667,1.75,1,0.4349963341208728,1.7615591950781253,8.067064830743393
393.3081970214844,0.5666666666666667,1,1,0.43688283269283784,1.7615591950781253,8.076453158821263
398.3081970214844,0.11333333333333333,1,1,0.4269728426776766,1.7615591950781253,8.026971629781507
399.3081970214844,0.5666666666666667,1,1,0.4269433109451082,1.7615591950781253,8.026823563728323
400.3081970214844,0.5666666666666667,1.75,1,0.42314512445800906,1.8270194001562503,8.154187788850313
401.3081970214844,0.5666666666666667,1,1,0.41936953140004024,1.8270194001562503,8.134875635861917
402.3081970214844,0.5666666666666667,1,1,0.41561646437228306,1.8270194001562503,8.115613174324512
402.8081970214844,1.1333333333333333,1,1,0.41928199519340775,1.8270194001562503,8.134427108317487
403.3081970214844,1.1333333333333333,1.5,1,0.422969015009865,1.8587576814062503,8.223642339009555
403.8081970214844,1.1333333333333333,1,1,0.4266775866268306,1.8587576814062503,8.242688307014763
404.3081970214844,1.1333333333333333,1,1,0.43040777284948034,1.8587576814062503,8.261781299029805
404.8081970214844,1.1333333333333333,1,1,0.43415963648299005,1.8587576814062503,8.280921572507044
405.3081970214844,1.1333333333333333,1.5,1,0.43793324033253545,1.8904959626562503,8.370596681623617
405.8081970214844,1.1333333333333333,1,1,0.4417286472032923,1.8904959626562503,8.389966059428772
406.3081970214844,1.1333333333333333,1.2,1.1,0.44554591990043646,1.9064018826562503,8.444689581459995
406.8081970214844,1.1333333333333333,1,1,0.44938512122914365,1.9064018826562503,8.464219860445327
407.3081970214844,1.1333333333333333,1.75,1,0.4532463139945897,1.9718620877343753,8.628595205337485
407.8081970214844,1.1333333333333333,1,1,0.45712956100195035,1.9718620877343753,8.64849024639017
408.3081970214844,1.1333333333333333,1.2,1.1,0.4610349250564014,1.9877680077343753,8.703494376742162
408.8081970214844,1.1333333333333333,1,1,0.47301081170502507,1.9877680077343753,8.76442994719055
409.3081970214844,1.1333333333333333,1.75,1,0.4851923142553228,2.0532282128125003,8.970677342493083
409.8081970214844,1.1333333333333333,1,1,0.49548944259995015,2.0532282128125003,9.022731280511367
410.5581970214844,0.7555555555555556,1,1,0.498233971417747,2.0532282128125003,9.036532706950762
411.0581970214844,1.1333333333333333,1,1,0.5023697379807139,2.0532282128125,9.057273779110778
411.5581970214844,1.1333333333333333,1,1,0.50652832837403,2.0532282128125,9.07806184527378
412.0581970214844,1.1333333333333333,1,1,0.5107098054028708,2.0532282128125,9.098897219822197
412.5581970214844,1.1333333333333333,1,1,0.5149142318724123,2.0532282128125,9.112985962195618
413.0581970214844,1.1333333333333333,1,1,0.5269326191190105,2.0373222928125,9.069719292762686
413.5581970214844,1.1333333333333333,1,1,0.5378100829873487,2.0214163728125003,9.025855631917857
414.0581970214844,1.1333333333333333,1,1,0.5488379164914393,2.0055104528125,8.98235649768834
414.5581970214844,1.1333333333333333,1.2,1,0.5600154799040231,1.9979920328125003,8.966614125099607
415.0581970214844,1.1333333333333333,1.2,1.1,0.5713455227693434,2.0138979528125,9.027530391034968
415.5581970214844,1.1333333333333333,1.2,1,0.5828255981385845,2.0222854528125005,9.064043991728543
416.0581970214844,1.1333333333333333,1,1,0.5944584324806775,2.0222854528125005,9.073440266481162
417.3081970214844,0.4533333333333333,1,1,0.5949004117979703,2.0222854528125005,9.073799373338787
418.30816650390625,0.5666839604887031,1,1,0.5972228922541994,2.0222854528125005,9.075688904066165
