_Time,L Swing Speed degree/ms,L Angle Diff,L Stamina,L Pattern Diff,L CombinedDiff
12.08566666,0,1,0,0,0
12.58566666,2.266666667,1,0.002843171,0.00390625,0.004831399
13.08566666,2.266666667,1,0.02274537,0.008789063,0.024384411
13.58566666,2.266666667,1,0.076765625,0.015625,0.078339657
14.08566666,2.266666667,1,0.181962963,0.024414063,0.183593481
14.58566666,2.266666667,1,0.355396412,0.03515625,0.357131029
15.08566666,2.266666667,1,0.614125,0.047851563,0.615986435
15.58566666,2.266666667,1,0.975207755,0.0625,0.977208481
20.08566666,0.251851852,1,1.022387238,0.079101563,1.025442695
20.58566666,2.266666667,1,1.517204346,0.09765625,1.520343965
21.08566666,2.266666667,1,2.150389124,0.118164063,2.153633239
21.58566666,2.266666667,1,2.939000599,0.140625,2.942362981
22.08566666,2.266666667,1,3.9000978,0.165039063,3.903588188
22.58566666,2.266666667,1,5.050739754,0.19140625,5.054365283
23.08566666,2.266666667,1,6.407985489,0.219726563,6.411751538
23.58566666,2.266666667,1,7.988894032,0.25,7.992804755
24.08566666,2.266666667,1,8.179097902,0.282226563,8.183965684
24.58566666,2.266666667,1,8.350681832,0.31640625,8.356673978
25.08566666,2.266666667,1,8.506223808,0.352539063,8.513526136
25.58566666,2.266666667,1,8.647852466,0.390625,8.65667027
26.08566666,2.266666667,1.75,8.777339608,0.461975098,8.789488699
26.58566666,2.266666667,1,8.896171114,0.505432129,8.9105175
27.08566666,2.266666667,1,9.005601812,0.550842285,9.022432666
27.58566666,2.266666667,1,9.106698318,0.598205566,9.126324789
28.08566666,2.266666667,1,9.200372782,0.647521973,9.223130924
28.58566666,2.266666667,1,9.28740968,0.698791504,9.313661371
29.08566666,2.266666667,1,9.368487261,0.75201416,9.398621115
29.58566666,2.266666667,1,9.444194843,0.807189941,9.478627107
30.08566666,2.266666667,1,9.515046849,0.864318848,9.554222292
30.58566666,2.266666667,1,9.581494288,0.923400879,9.625887074
31.08566666,2.266666667,1,9.64393419,0.984436035,9.69404874
31.58566666,2.266666667,1,9.702717421,1.047424316,9.759089253
32.08566666,2.266666667,1,9.758155175,1.047424316,9.814208584
32.58566666,2.266666667,1,9.810524412,1.047424316,9.866280299
33.08566666,2.266666667,1,9.860072422,1.047424316,9.9155497
33.58566666,2.266666667,1,9.907020685,1.047424316,9.962236524
34.08566666,2.266666667,1,9.951568146,1.047424316,10.00653818
34.58566666,2.266666667,1,9.993893998,1.047424316,10.04863249
35.08566666,2.266666667,1,10.03416007,1.047424316,10.0886801
35.58566666,2.266666667,1,10.07251289,1.047424316,10.12682643
36.08566666,2.266666667,1,10.10908541,1.047424316,10.16320351
37.08566666,1.133333333,1,9.769361426,1.047424316,9.825350903
38.08566666,1.133333333,1,9.452608796,1.047424316,9.510463224
39.08566666,1.133333333,1,9.15671211,1.047424316,9.216424164
40.08566666,1.133333333,1,8.879797797,1.047424316,8.941359327
41.08566666,1.133333333,1,8.62020148,1.047424316,8.683603587
42.08566666,1.133333333,1,8.37644038,1.047424316,8.44167348
42.58566666,2.266666667,1,8.437366423,1.047424316,8.502132077
43.08566666,2.266666667,1,8.496082597,1.047424316,8.560404032
43.58566666,2.266666667,1,8.552705803,1.047424316,8.616604566
44.83566666,0.906666667,1,8.275700428,1.047424316,8.341721361
45.83566666,1.133333333,1,8.067539607,1.047424316,8.135250028
46.83566666,1.133333333,1,7.870557731,1,7.933831294
50.16900253,0.339999741,1,7.513580085,1,7.579834147
52.08566666,0.591305132,1,7.231092564,1,7.299910935
52.58566666,2.266666667,1,7.297988561,1,7.366181985
53.08566666,2.266666667,1,7.362927232,1,7.430524707
53.58566666,2.266666667,1,7.425991073,1,7.493019646
54.08566666,2.266666667,1,7.487258167,1,7.553743103
54.58566666,2.266666667,1,7.546802459,1,7.612767391
55.08566666,2.266666667,1,7.604694014,1,7.670161083
55.58566666,2.266666667,1,7.66099926,1,7.725989235
56.08566666,2.266666667,1,7.715781208,1,7.780313596
56.58566666,2.266666667,1,7.769099664,1,7.833192809
57.08566666,2.266666667,1,8.193379443,1,8.254178742
57.58566666,2.266666667,1,8.193379443,1,8.254178742
58.08566666,2.266666667,1,8.193379443,1,8.254178742
58.58566666,2.266666667,1,8.193379443,1,8.254178742
59.08566666,2.266666667,1,8.193379443,1,8.254178742
59.58566666,2.266666667,1,8.193379443,1,8.254178742
60.08566666,2.266666667,1,8.193379443,1,8.254178742
60.58566666,2.266666667,1,8.193379443,1,8.254178742
61.08566666,2.266666667,1,8.583246061,1,8.641302734
61.58566666,2.266666667,1,8.583246061,1,8.641302734
62.08566666,2.266666667,1,8.583246061,1,8.641302734
62.58566666,2.266666667,1,8.583246061,1,8.641302734
63.08566666,2.266666667,1,8.583246061,1,8.641302734
63.58566666,2.266666667,1,8.583246061,1,8.641302734
64.83567047,0.9066639,1,8.318761551,1,8.378651069
65.83567047,1.133333333,1,8.102554274,1,8.164029996
66.83567047,1.133333333,1,7.89012603,1,7.953243915
67.83567047,1.133333333,1,7.6814435,1,7.746261953
69.08567047,0.906666667,1,7.435921894,1,7.502861749
69.58567047,2.266666667,1,7.435921894,1,7.502861749
70.08567047,2.266666667,1,7.435921894,1,7.502861749
70.58567047,2.266666667,1,7.435921894,1,7.502861749
71.08567047,2.266666667,1,7.435921894,1,7.502861749
71.58567047,2.266666667,1,7.435921894,1,7.502861749
72.08567047,2.266666667,1,7.435921894,1,7.502861749
72.58567047,2.266666667,1,7.435921894,1,7.502861749
73.08567047,2.266666667,1,7.435921894,1,7.502861749
73.83567047,1.511111111,1,7.301809745,1,7.369967812
74.83567047,1.133333333,1,7.10368027,1,7.173721028
75.83567047,1.133333333,1,6.909167678,1,6.981160219
76.33567047,2.266666667,1,6.909167678,1,6.981160219
76.83567047,2.266666667,1,6.909167678,1,6.981160219
78.08567047,0.906666667,1,6.680479941,1,6.754910232
78.58567047,2.266666667,1,6.680479941,1,6.754910232
79.08567047,2.266666667,1,6.680479941,1,6.754910232
79.58567047,2.266666667,1,6.680479941,1,6.754910232
80.08567047,2.266666667,1,6.680479941,1,6.754910232
80.58567047,2.266666667,1,6.680479941,1,6.754910232
81.08567047,2.266666667,1,6.680479941,1,6.754910232
81.58567047,2.266666667,1,6.680479941,1,6.754910232
82.08567047,2.266666667,1,6.680479941,1,6.754910232
83.83567047,0.647619048,1,6.600045376,1,6.675372572
84.83567047,1.133333333,1,6.600045376,1,6.675372572
85.83567047,1.133333333,1,6.600045376,1,6.675372572
86.83567047,1.133333333,1,6.600045376,1,6.675372572
88.33567047,0.755555556,1,6.537933459,1,6.613968092
88.83567047,2.266666667,1,6.725446878,1,6.799384951
89.33567047,2.266666667,1,6.725446878,1,6.799384951
89.83567047,2.266666667,1,6.725446878,1,6.799384951
90.33567047,2.266666667,1,6.725446878,1,6.799384951
90.83567047,2.266666667,1,6.955153913,1,7.026675313
91.33567047,2.266666667,1,7.150524646,1,7.22011099
91.83567047,2.266666667,1,7.349520194,1,7.417239856
92.33567047,2.266666667,1,7.696225933,1,7.760920926
92.83567047,2.266666667,1,8.006429774,1,8.068637911
93.33567047,2.266666667,1,8.006429774,1,8.068637911
93.83567047,2.266666667,1,8.006429774,1,8.068637911
94.33567047,2.266666667,1,8.006429774,1,8.068637911
95.83567047,0.755555556,1,7.726277288,1,7.790722735
96.83567047,1.133333333,1,7.52050678,1,7.586700352
98.83567047,0.566666667,1,7.218752392,1,7.287687294
99.83567047,1.133333333,1,7.022135127,1,7.09298116
100.3356705,2.266666667,1,7.022135127,1,7.09298116
100.8356705,2.266666667,1,7.022135127,1,7.09298116
101.3356705,2.266666667,1,7.022135127,1,7.09298116
101.8356705,2.266666667,1,7.022135127,1,7.09298116
102.3356705,2.266666667,1,7.022135127,1,7.09298116
102.8356705,2.266666667,1,7.022135127,1,7.09298116
103.3356705,2.266666667,1,7.022135127,1,7.09298116
103.8356705,2.266666667,1,7.022135127,1,7.09298116
104.3356705,2.266666667,1,7.022135127,1,7.09298116
104.8356705,2.266666667,1,7.022135127,1,7.09298116
105.3356705,2.266666667,1,7.022135127,1,7.09298116
107.8356705,0.453333333,1,6.71502786,1,6.789079405
108.3356705,2.266666667,1,6.71502786,1,6.789079405
108.8356705,2.266666667,1,6.71502786,1,6.789079405
109.8356705,1.133333333,1,6.527709066,1,6.603861419
110.3356705,2.266666667,1,6.527709066,1,6.603861419
110.8356705,2.266666667,1,6.752916978,1,6.82655753
111.3356705,2.266666667,1,6.944499396,1,7.016129407
111.8356705,2.266666667,1,7.139671476,1,7.209362578
123.0856705,0.100740741,1,6.961702176,1,7.033156986
123.5856705,2.266666667,1,7.196727551,1,7.265871417
124.3356781,1.511095739,1,7.065513134,1,7.135928521
125.3356705,1.13334198,1,6.871702578,1,6.944083548
125.8356705,2.266666667,1,6.871702578,1,6.944083548
127.3356705,0.755555556,1,6.618845095,1,6.69396074
128.3356628,1.13334198,1,6.433329129,1,6.51058551
129.3356628,1.133333333,1,6.251311067,1,6.330789055
129.8356628,2.266666667,1,6.251311067,1,6.330789055
132.8356628,0.377777778,1,5.95563343,1,6.03900402
134.3356628,0.755555556,1,5.840023612,1,5.925021163
134.8356628,2.266666667,1,6.014006136,1,6.096578533
135.3356628,2.266666667,1,6.19141025,1,6.271647382
135.8356628,2.266666667,1,6.19141025,1,6.271647382
137.3356628,0.755555556,1,5.95563343,1,6.03900402
137.8356628,2.266666667,1,6.167557479,1,6.248100932
138.3356628,2.266666667,1,6.167557479,1,6.248100932
139.8356628,0.755555556,1,5.93239052,1,6.016083218
140.8356628,1.133333333,1,5.759993336,1,5.846154567
142.3356628,0.755555556,1,5.535371121,1,5.624974084
143.8356628,0.755555556,1,5.31666588,1,5.409892428
144.3356628,2.266666667,1,5.31666588,1,5.409892428
144.8356628,2.266666667,1,5.31666588,1,5.409892428
145.3356628,2.266666667,1,5.31666588,1,5.409892428
145.8356628,2.266666667,1,5.551218403,1,5.640569631
146.8356628,1.133333333,1,5.551218403,1,5.640569631
148.3356628,0.755555556,1,5.495884927,1,5.586121296
148.8356628,2.266666667,1,5.662997079,1,5.750611786
149.3356628,2.266666667,1,5.891035881,1,5.975307837
149.8356628,2.266666667,1,5.891035881,1,5.975307837
150.3356628,2.266666667,1,5.891035881,1,5.975307837
150.8356628,2.266666667,1,5.891035881,1,5.975307837
151.3356628,2.266666667,1,5.891035881,1,5.975307837
151.8356628,2.266666667,1,5.891035881,1,5.975307837
154.1689911,0.485715344,1,5.622905687,1,5.71113547
154.8356628,1.69998703,1,5.539328362,1,5.628868332
155.5023193,1.70002594,1,5.456589002,1,5.547464604
159.8356628,0.261537848,1,5.170426469,1,5.266242481
161.3356628,0.755555556,1,4.961507259,1,5.061279905
165.1689911,0.295652566,1,4.697565622,1,4.802824457
165.8356476,1.70002594,1,4.623457403,1,4.730365563
168.3356628,0.453330566,1,4.584251519,1,4.692053068
169.3356628,1.133333333,1,4.584251519,1,4.692053068
169.8356628,2.266666667,1,4.807691895,1,4.910590734
170.3356628,2.266666667,1,4.960614641,1,5.060404886
171.8356628,0.755555556,1,4.757424969,1,4.861387903
172.3356628,2.266666667,1,4.757424969,1,4.861387903
172.8356628,2.266666667,1,4.757424969,1,4.861387903
173.3356628,2.266666667,1,4.757424969,1,4.861387903
173.8356628,2.266666667,1,4.757424969,1,4.861387903
174.3356628,2.266666667,1,4.757424969,1,4.861387903
174.8356628,2.266666667,1,4.757424969,1,4.861387903
175.3356628,2.266666667,1,4.757424969,1,4.861387903
175.8356628,2.266666667,1,4.757424969,1,4.861387903
176.3356628,2.266666667,1,4.757424969,1,4.861387903
176.8356628,2.266666667,1,4.757424969,1,4.861387903
177.3356628,2.266666667,1,5.001934606,1,5.100916565
177.8356628,2.266666667,1,5.001934606,1,5.100916565
178.8356628,1.133333333,1,4.84815942,1,4.950217143
180.3356628,0.755555556,1,4.797610322,1,4.900720845
180.8356628,2.266666667,1,4.797610322,1,4.900720845
181.3356628,2.266666667,1,4.797610322,1,4.900720845
183.8356628,0.453333333,1,4.559860975,1,4.668225799
184.3356628,2.266666667,1,4.559860975,1,4.668225799
184.8356628,2.266666667,1,4.844778486,1,4.94690596
185.3356628,2.266666667,1,4.844778486,1,4.94690596
185.8356628,2.266666667,1,4.94689415,1,5.046955689
186.5023193,1.70002594,1,5.024416245,1,5.122963849
188.3356628,0.618178388,1,4.801125896,1,4.904162505
189.3356628,1.133333333,1,4.851699642,1,4.953684428
190.3356628,1.133333333,1,4.85169848,1,4.953683291
191.3356628,1.133333333,1,4.85169848,1,4.953683291
191.8356628,2.266666667,1,4.85169848,1,4.953683291
192.8356628,1.133333333,1,4.953908926,1,5.053831581
193.8356628,1.133333333,1,5.005548102,1,5.104459991
194.8356628,1.133333333,1,4.85169848,1,4.953683291
195.8356628,1.133333333,1,4.701034067,1,4.806216943
196.8356628,1.133333333,1,4.553521545,1,4.662033725
197.8356628,1.133333333,1,4.602344232,1,4.709731673
198.8356628,1.133333333,1,4.456914459,1,4.567722244
200.1689911,0.850003243,1,4.279477995,1,4.394761872
200.8356476,1.70002594,1,4.397238161,1,4.50951255
201.5023346,1.699948122,1,4.468911998,1,4.579429489
202.3356628,1.360008301,1,4.546226206,1,4.654908454
202.8356628,2.266666667,1,4.743398961,1,4.847662706
203.3356628,2.266666667,1,4.743398961,1,4.847662706
203.8356628,2.266666667,1,4.743398961,1,4.847662706
204.5023193,1.70002594,1,4.668808206,1,4.774701045
205.8356628,0.849993515,1,4.485752284,1,4.595864832
206.3356628,2.266666667,1,4.631805341,1,4.738525163
206.8356628,2.266666667,1,4.831427263,1,4.933831107
207.3356628,2.266666667,1,4.831427263,1,4.933831107
207.8356628,2.266666667,1,4.831427263,1,4.933831107
208.3356628,2.266666667,1,4.831427263,1,4.933831107
208.8356628,2.266666667,1,4.831427263,1,4.933831107
209.3356628,2.266666667,1,4.831427263,1,4.933831107
209.8356628,2.266666667,1,4.831427263,1,4.933831107
210.3356628,2.266666667,1,4.831427263,1,4.933831107
210.8356628,2.266666667,1,5.073961349,1,5.171564925
211.3356628,2.266666667,1,5.152801279,1,5.248939038
211.8356628,2.266666667,1,5.232448194,1,5.327148778
212.8356628,1.133333333,1,5.356583604,1,5.449127261
213.8356628,1.133333333,1,5.410979641,1,5.502608533
214.3356628,2.266666667,1,5.700765925,1,5.787808923
214.8356628,2.266666667,1,5.785949374,1,5.871729741
215.3356628,2.266666667,1,6.064244454,1,6.146141944
215.8356628,2.266666667,1,6.242630372,1,6.322217488
216.8356628,1.133333333,1,6.064244454,1,6.146141944
218.1690063,0.849993515,1,5.846082135,1,5.930992862
218.8356628,1.70002594,1,5.990934556,1,6.073820614
219.5023193,1.70002594,1,5.90374591,1,5.98783899
220.8356628,0.849993515,1,5.689473539,1,5.776686693
221.8356628,1.133333333,1,5.521838326,1,5.611657375
222.8356628,1.133333333,1,5.357528695,1,5.450056304
223.3356628,2.266666667,1,5.357528695,1,5.450056304
223.8356628,2.266666667,1,5.357528695,1,5.450056304
224.3356628,2.266666667,1,5.357528695,1,5.450056304
224.8356628,2.266666667,1,5.357528695,1,5.450056304
225.3356628,2.266666667,1,5.357528695,1,5.450056304
225.8356628,2.266666667,1,5.357528695,1,5.450056304
226.3356628,2.266666667,1,5.357528695,1,5.450056304
226.8356628,2.266666667,1,5.357528695,1,5.450056304
227.3356628,2.266666667,1,5.521838326,1,5.611657375
227.8356628,2.266666667,1,5.746096721,1,5.832463247
228.3356628,2.266666667,1,5.746096721,1,5.832463247
228.8356628,2.266666667,1,5.746096721,1,5.832463247
229.3356628,2.266666667,1,6.023122031,1,6.105571145
229.8356628,2.266666667,1,6.023122031,1,6.105571145
230.3356628,2.266666667,1,6.023122031,1,6.105571145
230.8356628,2.266666667,1,6.023122031,1,6.105571145
231.3356628,2.266666667,1,6.023122031,1,6.105571145
232.1689911,1.360008301,1,5.970513632,1,6.053679297
232.8356476,1.70002594,1,6.138970562,1,6.219884208
233.5023346,1.699948122,1,6.228450239,1,6.308216259
234.3356628,1.360008301,1,6.264488784,1,6.343801678
234.8356628,2.266666667,1,6.446761326,1,6.523858643
235.3356628,2.266666667,1,6.446761326,1,6.523858643
235.8356628,2.266666667,1,6.632535635,1,6.707497965
236.8356628,1.133333333,1,6.632535635,1,6.707497965
237.8356628,1.133333333,1,6.632535635,1,6.707497965
238.8356628,1.133333333,1,6.632535635,1,6.707497965
239.8356628,1.133333333,1,6.632535635,1,6.707497965
240.3356628,2.266666667,1,6.821845028,1,6.894749421
240.8356628,2.266666667,1,7.014722824,1,7.08564297
241.3356628,2.266666667,1,7.260888324,1,7.329426939
241.8356628,2.266666667,1,7.360940476,1,7.42855603
242.3356628,2.266666667,1,7.46192148,1,7.528630166
242.8356628,2.266666667,1,7.625388467,1,7.690679376
243.3356628,2.266666667,1,7.625388467,1,7.690679376
243.8356628,2.266666667,1,7.625388467,1,7.690679376
244.3356628,2.266666667,1,7.625388467,1,7.690679376
244.8356628,2.266666667,1,7.728754013,1,7.793178978
245.5023193,1.70002594,1,7.885560471,1,7.948714609
246.1689758,1.70002594,1,7.780798373,1,7.844795939
246.8356781,1.699909215,1,7.676946981,1,7.741803081
247.8356628,1.133350627,1,7.472060302,1,7.538679271
250.0856628,0.503703704,1,7.160641813,1,7.230130786
250.5856628,2.266666667,1,7.160641813,1,7.230130786
251.0856628,2.266666667,1,7.160641813,1,7.230130786
251.5856628,2.266666667,1,7.160641813,1,7.230130786
252.0856628,2.266666667,1,7.160641813,1,7.230130786
252.5856628,2.266666667,1,7.160641813,1,7.230130786
253.0856628,2.266666667,1,7.160641813,1,7.230130786
253.5856628,2.266666667,1,7.160641813,1,7.230130786
254.0856628,2.266666667,1,7.160641813,1,7.230130786
254.5856628,2.266666667,1,7.359824161,1,7.427449878
255.0856628,2.266666667,1,7.562666352,1,7.628494108
255.5856628,2.266666667,1,7.562666352,1,7.628494108
256.0856628,2.266666667,1,7.562666352,1,7.628494108
256.5856628,2.266666667,1,7.562666352,1,7.628494108
257.0856628,2.266666667,1,7.562666352,1,7.628494108
257.5856628,2.266666667,1,7.769201704,1,7.833294014
258.0856628,2.266666667,1,8.03261638,1,8.094623271
258.5856628,2.266666667,1,8.139621764,1,8.200819622
259.0856628,2.266666667,1,8.247573259,1,8.307975967
259.5856628,2.266666667,1,8.521632506,1,8.580106093
260.0856628,2.266666667,1,8.745199267,1,8.802187808
260.5856628,2.266666667,1,8.972642439,1,9.028195408
261.0856628,2.266666667,1,8.972642439,1,9.028195408
261.5856628,2.266666667,1,8.972642439,1,9.028195408
262.0856628,2.266666667,1,8.972642439,1,9.028195408
262.5856628,2.266666667,1,8.972642439,1,9.028195408
263.0856628,2.266666667,1,8.972642439,1,9.028195408
263.5856628,2.266666667,1,8.972642439,1,9.028195408
264.0856628,2.266666667,1,8.972642439,1,9.028195408
264.5856628,2.266666667,1,8.972642439,1,9.028195408
265.0856628,2.266666667,1,8.972642439,1,9.028195408
265.5856628,2.266666667,1,8.972642439,1,9.028195408
266.0856628,2.266666667,1,8.972642439,1,9.028195408
266.5856628,2.266666667,1,8.972642439,1,9.028195408
267.0856628,2.266666667,1,8.972642439,1,9.028195408
267.5856628,2.266666667,1,8.972642439,1,9.028195408
270.0856628,0.453333333,1,8.610596173,1,8.668469672
270.5856628,2.266666667,1,8.610596173,1,8.668469672
271.0856628,2.266666667,1,8.610596173,1,8.668469672
271.5856628,2.266666667,1,8.790375065,1,8.84707261
272.0856628,2.266666667,1,8.903993586,1,8.959972198
272.5856628,2.266666667,1,9.018602756,1,9.073874348
274.0856628,0.755555556,1,8.896397158,1,8.952423269
274.5856628,2.266666667,1,8.896397158,1,8.952423269
275.0856628,2.266666667,1,8.896397158,1,8.952423269
275.5856628,2.266666667,1,8.896397158,1,8.952423269
276.0856628,2.266666667,1,9.126443147,1,9.181065543
276.5856628,2.266666667,1,9.360421078,1,9.413685928
277.0856628,2.266666667,1,9.59836427,1,9.650315884
277.5856628,2.266666667,1,9.840306041,1,9.890986957
280.0856628,0.453333333,1,9.455120657,1,9.507854997
280.5856628,2.266666667,1,9.455120657,1,9.507854997
281.0856628,2.266666667,1,9.455120657,1,9.507854997
281.5856628,2.266666667,1,9.455120657,1,9.507854997
282.0856628,2.266666667,1,9.455120657,1,9.507854997
282.5856628,2.266666667,1,9.455120657,1,9.507854997
283.0856628,2.266666667,1,9.455120657,1,9.507854997
283.5856628,2.266666667,1,9.455120657,1,9.507854997
284.0856628,2.266666667,1,9.455120657,1,9.507854997
284.5856628,2.266666667,1,9.455120657,1,9.507854997
285.0856628,2.266666667,1,9.574385082,1,9.626466106
285.5856628,2.266666667,1,9.694648226,1,9.746086611
286.0856628,2.266666667,1,9.815939339,1,9.866745416
286.5856628,2.266666667,1,10.06150468,1,10.11107692
287.0856628,2.266666667,1,10.45158688,1,10.49931751
287.5856628,2.266666667,1,10.45158688,1,10.49931751
288.0856628,2.266666667,1,10.45158688,1,10.49931751
288.5856628,2.266666667,1,10.45158688,1,10.49931751
289.0856628,2.266666667,1,10.45158688,1,10.49931751
289.5856628,2.266666667,1,10.45158688,1,10.49931751
290.0856628,2.266666667,1,10.45158688,1,10.49931751
290.5856628,2.266666667,1,10.45158688,1,10.49931751
291.0856628,2.266666667,1,10.45158688,1,10.49931751
291.5856628,2.266666667,1,10.45158688,1,10.49931751
292.0856628,2.266666667,1,10.45158688,1,10.49931751
292.5856628,2.266666667,1,10.45158688,1,10.49931751
293.0856628,2.266666667,1,10.45158688,1,10.49931751
293.5856628,2.266666667,1,10.45158688,1,10.49931751
294.0856628,2.266666667,1,10.45158688,1,10.49931751
294.5856628,2.266666667,1,10.45158688,1,10.49931751
295.0856628,2.266666667,1,10.45158688,1,10.49931751
295.5856628,2.266666667,1,10.45158688,1,10.49931751
296.0856628,2.266666667,1,10.45158688,1,10.49931751
296.5856628,2.266666667,1,10.45158688,1,10.49931751
297.0856628,2.266666667,1,10.45158688,1,10.49931751
297.5856628,2.266666667,1,10.45158688,1,10.49931751
298.0856628,2.266666667,1,10.45158688,1,10.49931751
298.5856628,2.266666667,1,10.45158688,1,10.49931751
299.0856628,2.266666667,1,10.45158688,1,10.49931751
299.5856628,2.266666667,1,10.45158688,1,10.49931751
300.0856628,2.266666667,1,10.45158688,1,10.49931751
300.5856628,2.266666667,1,10.45158688,1,10.49931751
301.0856628,2.266666667,1,10.45158688,1,10.49931751
301.5856628,2.266666667,1,10.45158688,1,10.49931751
302.0856628,2.266666667,1,10.45158688,1,10.49931751
302.5856628,2.266666667,1,10.45158688,1,10.49931751
303.0856628,2.266666667,1,10.45158688,1,10.49931751
303.5856628,2.266666667,1,10.45158688,1,10.49931751
304.0856628,2.266666667,1,10.45158688,1,10.49931751
304.5856628,2.266666667,1,10.45158688,1,10.49931751
305.0856628,2.266666667,1,10.86320037,1,10.90913022
305.5856628,2.266666667,1,10.86320037,1,10.90913022
306.0856628,2.266666667,1,10.86320037,1,10.90913022
306.5856628,2.266666667,1,10.86320037,1,10.90913022
307.0856628,2.266666667,1,10.86320037,1,10.90913022
307.5856628,2.266666667,1,10.86320037,1,10.90913022
308.0856628,2.266666667,1,11.21435466,1,11.25885209
308.5856628,2.266666667,1,11.21435466,1,11.25885209
309.0856628,2.266666667,1,11.21435466,1,11.25885209
309.5856628,2.266666667,1,11.21435466,1,11.25885209
310.0856628,2.266666667,1,11.21435466,1,11.25885209
310.5856628,2.266666667,1,11.21435466,1,11.25885209
311.0856628,2.266666667,1,11.21435466,1,11.25885209
311.5856628,2.266666667,1,11.21435466,1,11.25885209
312.0856628,2.266666667,1,11.64562963,1,11.68848534
312.5856628,2.266666667,1,11.64562963,1,11.68848534
313.0856628,2.266666667,1,11.64562963,1,11.68848534
313.5856628,2.266666667,1,11.64562963,1,11.68848534
314.0856628,2.266666667,1,11.64562963,1,11.68848534
314.5856628,2.266666667,1,11.64562963,1,11.68848534
315.0856628,2.266666667,1,11.64562963,1,11.68848534
315.5856628,2.266666667,1,11.64562963,1,11.68848534
316.0856628,2.266666667,1,11.64562963,1,11.68848534
316.5856628,2.266666667,1,11.64562963,1,11.68848534
317.0856628,2.266666667,1,11.64562963,1,11.68848534
317.5856628,2.266666667,1,11.64562963,1,11.68848534
318.0856628,2.266666667,1,11.64562963,1,11.68848534
318.5856628,2.266666667,1,11.64562963,1,11.68848534
319.0856628,2.266666667,1,11.64562963,1,11.68848534
319.5856628,2.266666667,1,11.64562963,1,11.68848534
320.0856628,2.266666667,1,11.64562963,1,11.68848534
320.5856628,2.266666667,1,11.64562963,1,11.68848534
321.0856628,2.266666667,1,11.64562963,1,11.68848534
321.5856628,2.266666667,1,11.64562963,1,11.68848534
322.0856628,2.266666667,1,11.64562963,1,11.68848534
322.5856628,2.266666667,1,11.64562963,1,11.68848534
323.0856628,2.266666667,1,11.64562963,1,11.68848534
323.5856628,2.266666667,1,11.64562963,1,11.68848534
324.0856628,2.266666667,1,11.64562963,1,11.68848534
324.5856628,2.266666667,1,11.64562963,1,11.68848534
325.0856628,2.266666667,1,11.64562963,1,11.68848534
325.5856628,2.266666667,1,11.64562963,1,11.68848534
326.0856628,2.266666667,1,11.64562963,1,11.68848534
326.5856628,2.266666667,1,11.64562963,1,11.68848534
327.0856628,2.266666667,1,11.64562963,1,11.68848534
327.5856628,2.266666667,1,11.64562963,1,11.68848534
328.0856628,2.266666667,1,11.64562963,1,11.68848534
328.5856628,2.266666667,1,11.64562963,1,11.68848534
329.0856628,2.266666667,1,11.64562963,1,11.68848534
329.5856628,2.266666667,1,11.64562963,1,11.68848534
330.0856628,2.266666667,1,11.64562963,1,11.68848534
330.5856628,2.266666667,1,11.64562963,1,11.68848534
331.0856628,2.266666667,1,11.64562963,1,11.68848534
331.5856628,2.266666667,1,11.64562963,1,11.68848534
332.0856628,2.266666667,1,11.64562963,1,11.68848534
332.5856628,2.266666667,1,11.64562963,1,11.68848534
333.0856628,2.266666667,1,11.64562963,1,11.68848534
333.5856628,2.266666667,1,11.64562963,1,11.68848534
334.0856628,2.266666667,1,11.64562963,1,11.68848534
334.5856628,2.266666667,1,11.64562963,1,11.68848534
335.0856628,2.266666667,1,11.64562963,1,11.68848534
335.5856628,2.266666667,1,11.64562963,1,11.68848534
336.0856628,2.266666667,1,11.64562963,1,11.68848534
336.5856628,2.266666667,1,11.64562963,1,11.68848534
337.0856628,2.266666667,1,11.64562963,1,11.68848534
337.5856628,2.266666667,1,11.64562963,1,11.68848534
338.0856628,2.266666667,1,11.64562963,1,11.68848534
338.5856628,2.266666667,1,11.64562963,1,11.68848534
339.0856628,2.266666667,1,11.64562963,1,11.68848534
339.5856628,2.266666667,1,11.64562963,1,11.68848534
340.0856628,2.266666667,1,11.64562963,1,11.68848534
340.5856628,2.266666667,1,11.64562963,1,11.68848534
341.0856628,2.266666667,1,11.64562963,1,11.68848534
341.5856628,2.266666667,1,11.64562963,1,11.68848534
342.0856628,2.266666667,1,11.64562963,1,11.68848534
342.5856628,2.266666667,1,11.64562963,1,11.68848534
343.0856628,2.266666667,1,11.64562963,1,11.68848534
343.5856628,2.266666667,1,11.64562963,1,11.68848534
344.0856628,2.266666667,1,11.64562963,1,11.68848534
344.5856628,2.266666667,1,11.64562963,1,11.68848534
345.0856628,2.266666667,1,11.64562963,1,11.68848534
345.5856628,2.266666667,1,11.64562963,1,11.68848534
346.0856628,2.266666667,1,11.64562963,1,11.68848534
346.5856628,2.266666667,1,11.64562963,1,11.68848534
347.0856628,2.266666667,1,11.64562963,1,11.68848534
347.5856628,2.266666667,1,11.64562963,1,11.68848534
348.0856628,2.266666667,1,11.64562963,1,11.68848534
348.5856628,2.266666667,1,11.64562963,1,11.68848534
349.0856628,2.266666667,1,11.64562963,1,11.68848534
349.5856628,2.266666667,1,11.64562963,1,11.68848534
350.0856628,2.266666667,1,11.64562963,1,11.68848534
350.5856628,2.266666667,1,11.64562963,1,11.68848534
351.0856628,2.266666667,1,11.64562963,1,11.68848534
351.5856628,2.266666667,1,11.64562963,1,11.68848534
352.0856628,2.266666667,1,11.64562963,1,11.68848534
352.5856628,2.266666667,1,11.64562963,1,11.68848534
353.0856628,2.266666667,1,11.64562963,1,11.68848534
353.5856628,2.266666667,1,11.64562963,1,11.68848534
354.0856628,2.266666667,1,11.64562963,1,11.68848534
354.5856628,2.266666667,1,11.64562963,1,11.68848534
355.0856628,2.266666667,1,11.64562963,1,11.68848534
355.5856628,2.266666667,1,11.64562963,1,11.68848534
356.0856628,2.266666667,1,11.64562963,1,11.68848534
356.5856628,2.266666667,1,11.64562963,1,11.68848534
357.0856628,2.266666667,1,11.64562963,1,11.68848534
357.5856628,2.266666667,1,11.64562963,1,11.68848534
358.0856628,2.266666667,1,11.64562963,1,11.68848534
358.5856628,2.266666667,1,11.64562963,1,11.68848534
359.0856628,2.266666667,1,11.64562963,1,11.68848534
359.5856628,2.266666667,1,11.64562963,1,11.68848534
360.0856628,2.266666667,1,11.64562963,1,11.68848534
360.5856628,2.266666667,1,11.64562963,1,11.68848534
361.0856628,2.266666667,1,11.64562963,1,11.68848534
361.5856628,2.266666667,1,11.64562963,1,11.68848534
362.0856628,2.266666667,1,11.64562963,1,11.68848534
362.5856628,2.266666667,1,11.64562963,1,11.68848534
363.0856628,2.266666667,1,11.64562963,1,11.68848534
363.5856628,2.266666667,1,11.64562963,1,11.68848534
364.0856628,2.266666667,1,11.64562963,1,11.68848534
364.5856628,2.266666667,1,11.64562963,1,11.68848534
365.0856628,2.266666667,1,11.64562963,1,11.68848534
365.5856628,2.266666667,1,11.64562963,1,11.68848534
366.0856628,2.266666667,1,11.64562963,1,11.68848534
366.5856628,2.266666667,1,11.64562963,1,11.68848534
367.0856628,2.266666667,1,11.64562963,1,11.68848534
367.5856628,2.266666667,1,11.64562963,1,11.68848534
368.0856628,2.266666667,1,11.64562963,1,11.68848534
368.5856628,2.266666667,1,11.64562963,1,11.68848534
369.0856628,2.266666667,1,11.64562963,1,11.68848534
369.5856628,2.266666667,1,11.64562963,1,11.68848534
370.0856628,2.266666667,1,11.64562963,1,11.68848534
370.5856628,2.266666667,1,11.64562963,1,11.68848534
371.0856628,2.266666667,1,11.64562963,1,11.68848534
371.5856628,2.266666667,1,11.64562963,1,11.68848534
372.0856628,2.266666667,1,11.64562963,1,11.68848534
372.5856628,2.266666667,1,11.64562963,1,11.68848534
373.0856628,2.266666667,1,11.64562963,1,11.68848534
373.5856628,2.266666667,1,11.64562963,1,11.68848534
374.0856628,2.266666667,1,11.64562963,1,11.68848534
374.5856628,2.266666667,1,11.64562963,1,11.68848534
375.0856628,2.266666667,1,11.64562963,1,11.68848534
375.5856628,2.266666667,1,11.64562963,1,11.68848534
377.8356628,0.503703704,1,11.22618831,1,11.27063902
378.3356628,2.266666667,1,11.22618831,1,11.27063902
379.0856628,1.511111111,1,11.04955574,1,11.09471415
379.5856628,2.266666667,1,11.04955574,1,11.09471415
380.3356628,1.511111111,1,10.87478572,1,10.92066685
381.8356628,0.755555556,1,10.5307938,1,10.57816705
382.8356628,1.133333333,1,10.27761561,1,10.32615043
383.8356628,1.133333333,1,10.02852818,1,10.07826262
385.3356628,0.755555556,1,9.702717421,1,9.754113253
387.8356628,0.453333333,1,9.321154777,1,9.374642733
388.8356628,1.133333333,1,9.087834408,1,9.142687473
390.3356628,0.755555556,1,8.782842542,1,8.839588402
390.8356628,2.266666667,1,8.782842542,1,8.839588402
391.3356628,2.266666667,1,8.782842542,1,8.839588402
391.8356628,2.266666667,1,8.782842542,1,8.839588402
392.3356628,2.266666667,1,8.782842542,1,8.839588402
393.3356628,1.133333333,1,8.558631921,1,8.616854435
394.3356628,1.133333333,1,8.338269947,1,8.398020345
395.3356628,1.133333333,1,8.121723302,1,8.183055016
395.8356628,2.266666667,1,8.121723302,1,8.183055016
397.3356628,0.755555556,1,7.838871809,1,7.902399081
398.3356628,1.133333333,1,7.631098026,1,7.696340499
399.3356628,1.133333333,1,7.427028509,1,7.494047803
399.8356628,2.266666667,1,7.427028509,1,7.494047803
401.3356628,0.755555556,1,7.160640426,1,7.230129412
401.8356628,2.266666667,1,7.160640426,1,7.230129412
402.8356628,1.133333333,1,6.965084628,1,7.03650509
404.3356628,0.755555556,1,6.709927237,1,6.784034458
404.8356628,2.266666667,1,6.709927237,1,6.784034458
405.3356628,2.266666667,1,6.709927237,1,6.784034458
406.0856628,1.511111111,1,6.584719331,1,6.660219867
407.8356628,0.647619048,1,6.321681871,1,6.400286062
410.1690063,0.485712168,1,6.040537028,1,6.122751635
410.8356628,1.70002594,1,5.952866611,1,6.036275415
411.5023804,1.69987031,1,5.866024877,1,5.950651045
412.3356934,1.360033204,1,5.728877813,1,5.815500064
413.8356628,0.755570928,1,5.505072866,1,5.595161058
415.1690063,0.849993515,1,5.300618128,1,5.394122036
415.8356628,1.70002594,1,5.220279163,1,5.315196566
416.3356628,2.266666667,1,5.220279163,1,5.315196566
416.8356628,2.266666667,1,5.220279163,1,5.315196566
417.3356628,2.266666667,1,5.220279163,1,5.315196566
418.0856628,1.511111111,1,5.114424192,1,5.211269981
418.5856628,2.266666667,1,5.114424192,1,5.211269981
419.0856628,2.266666667,1,5.114424192,1,5.211269981
419.5856628,2.266666667,1,5.114424192,1,5.211269981
420.8356628,0.906666667,1,4.927509308,1,5.027956641
427.3356628,0.174358974,1,4.648930457,1,4.755265965
427.8356628,2.266666667,1,4.648930457,1,4.755265965
429.3356628,0.755555556,1,4.454402849,1,4.565271595
430.3356628,1.133333333,1,4.312123202,1,4.426556959
431.8356628,0.755555556,1,4.127175074,1,4.246595588
432.3356628,2.266666667,1,4.127175074,1,4.246595588
432.8356628,2.266666667,1,4.127175074,1,4.246595588
433.3356628,2.266666667,1,4.127175074,1,4.246595588
433.8356628,2.266666667,1,4.127175074,1,4.246595588
436.3356628,0.453333333,1,3.912312692,1,4.038092446
436.8356628,2.266666667,1,3.912312692,1,4.038092446
437.3356628,2.266666667,1,3.912312692,1,4.038092446
437.8356628,2.266666667,1,3.912312692,1,4.038092446
438.3356628,2.266666667,1,3.912312692,1,4.038092446
438.8356628,2.266666667,1,3.912312692,1,4.038092446
439.3356628,2.266666667,1,3.912312692,1,4.038092446
439.8356628,2.266666667,1,3.912312692,1,4.038092446
441.8356934,0.56665802,1,3.919644204,1,4.045196001
442.5022888,1.700181599,1,3.854001393,1,3.981623631
443.1689148,1.700103766,1,3.875819238,1,4.002745903
447.8356628,0.242852908,1,3.646425281,1,3.781060345
455.8356628,0.141666667,1,3.49645252,1,3.636644088
461.8356628,0.188888889,1,3.435617816,1,3.578193648
465.8356628,0.283333333,1,3.34569527,1,3.491944564
467.8356628,0.566666667,1,3.286627171,1,3.435391995
468.8356934,1.133298748,1,3.325924328,1,3.473006282
469.5023804,1.699948122,1,3.457831974,1,3.599528019
470.5023499,1.133367921,1,3.457835682,1,3.599531581
471.1690063,1.70002594,1,3.560062284,1,3.697843083
471.8356628,1.70002594,1,3.498492616,1,3.638605583
472.5023193,1.70002594,1,3.437636952,1,3.580132373
473.1690063,1.699948122,1,3.377482915,1,3.522412645
473.8356628,1.70002594,1,3.318042862,1,3.46545934
479.8356018,0.18889081,1,3.22052874,1,3.372210753
480.8356628,1.133264164,1,3.220521669,1,3.372204
481.8356628,1.133333333,1,3.220521669,1,3.372204
482.5023499,1.699948122,1,3.162935332,1,3.317251862
483.1690369,1.699948122,1,3.259284026,1,3.409242197
483.8357239,1.699948122,1,3.31801962,1,3.465437086
484.5024109,1.699948122,1,3.37745666,1,3.52238747
485.1690979,1.699948122,1,3.318008801,1,3.465426727
485.8357849,1.699948122,1,3.417465744,1,3.560768472
486.5024719,1.699948122,1,3.357547942,1,3.503302468
487.1691589,1.699948122,1,3.417454709,1,3.560757881
488.8356628,0.680066413,1,3.40943262,1,3.553059356
489.8356934,1.133298748,1,3.290496529,1,3.439093981
490.5023804,1.699948122,1,3.232076529,1,3.383240856
491.5023193,1.133402511,1,3.193527105,1,3.346433231
492.5023193,1.133333333,1,3.243156482,1,3.393827333
493.1690063,1.699948122,1,3.369468385,1,3.51472861
493.8356934,1.699948122,1,3.369460187,1,3.51472075
494.5022888,1.700181599,1,3.369492982,1,3.51475219
495.1690369,1.699792506,1,3.405414883,1,3.54920421
495.8357239,1.699948122,1,3.50660063,1,3.646402059
496.8356018,1.133471697,1,3.537360466,1,3.675992256
500.1690063,0.339992737,1,3.391409867,1,3.535768783
500.8356934,1.699948122,1,3.331797907,1,3.478631525
501.5023804,1.699948122,1,3.272888617,1,3.422250707
502.1690674,1.699948122,1,3.214677834,1,3.366623468
502.8357544,1.699948122,1,3.233996983,1,3.385075551
503.5024414,1.699948122,1,3.17624964,1,3.329949215
511.8356628,0.136001826,1,2.96529303,1,3.129370984
512.8356934,1.133298748,1,2.856985246,1,3.026939824
513.8356934,1.133333333,1,2.878431485,1,3.04719015
514.5023804,1.699948122,1,3.025574655,1,3.186550171
515.1690674,1.699948122,1,2.970343303,1,3.134156878
515.8357544,1.699948122,1,3.062759649,1,3.221877817
516.5024414,1.699948122,1,3.119116847,1,3.275498421
517.1691284,1.699948122,1,3.214578071,1,3.366528208
517.8358154,1.699948122,1,3.15706282,1,3.311653009
518.5025024,1.699948122,1,3.100237736,1,3.257525752
519.1691895,1.699948122,1,3.044098653,1,3.204143662
520.8356934,0.680066413,1,2.890543416,1,3.058633885
521.8356934,1.133333333,1,2.955707028,1,3.120289095
522.5024414,1.699792506,1,2.901317033,1,3.068817448
523.5023193,1.133471697,1,2.794598452,1,2.968127441
524.5023193,1.133333333,1,2.690516884,1,2.870345119
525.1690674,1.699792506,1,2.639440939,1,2.822525194
525.8356934,1.700103766,1,2.589043036,1,2.775453809
526.5023193,1.700103766,1,2.539290789,1,2.729101997
527.1690674,1.699792506,1,2.490153229,1,2.683442398
527.8357544,1.699948122,1,2.589030048,1,2.775441692
528.8356323,1.133471697,1,2.539265142,1,2.729078134
532.1690674,0.339989624,1,2.422439198,1,2.620727317
532.8356934,1.700103766,1,2.547749385,1,2.736974046
533.5024414,1.699792506,1,2.686435628,1,2.866519908
534.1690674,1.700103766,1,2.825668284,1,2.997399081
534.8358154,1.699792506,1,2.960463318,1,3.124794882
535.5024414,1.700103766,1,3.071361389,1,3.230055848
537.8357544,0.485718521,1,3.007667829,1,3.169552929
539.1690674,0.85001297,1,2.925416055,1,3.091611084
543.8356323,0.242862437,1,2.840861382,1,3.011725983
544.8356934,1.133264164,1,2.787904367,1,2.961825579
545.8356934,1.133333333,1,2.735615938,1,2.912661079
546.5023804,1.699948122,1,2.735608803,1,2.912654378
547.1690674,1.699948122,1,2.735608803,1,2.912654378
547.8357544,1.699948122,1,2.735601668,1,2.912647676
548.5024414,1.699948122,1,2.876498686,1,3.045364459
549.1691284,1.699948122,1,2.930560765,1,3.096479678
549.8358154,1.699948122,1,2.98528929,1,3.148325292
550.5025024,1.699948122,1,2.98528929,1,3.148325292
551.1691895,1.699948122,1,2.98528929,1,3.148325292
552.8356934,0.680066413,1,2.887265075,1,3.055535896
553.8356934,1.133333333,1,2.833744929,1,3.005014197
554.5024414,1.699792506,1,2.833730322,1,3.005000422
555.5023193,1.133471697,1,2.780888693,1,2.955222822
556.5023193,1.133333333,1,2.728695422,1,2.906162196
557.1690674,1.699792506,1,2.728681178,1,2.906148822
557.8356934,1.700103766,1,2.823116949,1,2.994994042
558.5023193,1.700103766,1,2.876521646,1,3.045386147
559.1690674,1.699792506,1,2.876506892,1,3.045372211
559.8356934,1.700103766,1,2.930570735,1,3.096489114
560.8356323,1.133402511,1,2.930577375,1,3.096495399
564.1690063,0.33999585,1,2.801959199,1,2.975058883
564.8356934,1.699948122,1,2.801959199,1,2.975058883
565.5023193,1.700103766,1,2.801951948,1,2.975052053
566.1689453,1.700103766,1,2.801980947,1,2.975079364
566.8355713,1.700103766,1,2.801995447,1,2.975093021
567.5021973,1.700103766,1,2.855117959,1,3.025177442
568.0856934,1.942315202,1,3.008962629,1,3.170781623
568.5856934,2.266666667,1,3.06467021,1,3.223694076
569.0856934,2.266666667,1,3.121061157,1,3.277349958
569.5856934,2.266666667,1,3.178139638,1,3.331752026
570.0856934,2.266666667,1,3.235909818,1,3.386903062
570.5856934,2.266666667,1,3.294375863,1,3.44280588
571.0856934,2.266666667,1,3.520485568,1,3.659756636
571.5856934,2.266666667,1,3.644868193,1,3.779558723
572.0856934,2.266666667,1,3.772142635,1,3.902442833
572.5856934,2.266666667,1,3.836882067,1,3.965055359
573.0856934,2.266666667,1,3.90235802,1,4.0284486
573.5856934,2.266666667,1,3.968574662,1,4.092625666
574.0856934,2.266666667,1,4.035536157,1,4.157589695
574.5856934,2.266666667,1,4.103246671,1,4.223343847
575.0856934,2.266666667,1,4.171710372,1,4.289891307
575.5856934,2.266666667,1,4.240931424,1,4.357235286
576.0856934,2.266666667,1,4.310913993,1,4.425379018
576.5856934,2.266666667,1,4.510924833,1,4.620437517
577.0856934,2.266666667,1,4.657520857,1,4.763664612
577.5856934,2.266666667,1,4.732022503,1,4.836531502
578.0856934,2.266666667,1,4.883326138,1,4.984663897
578.5856934,2.266666667,1,5.037840169,1,5.136130214
580.0856934,0.755555556,1,4.908883995,1,5.00970479
580.5856934,2.266666667,1,4.985992947,1,5.08528521
581.0856934,2.266666667,1,5.063905186,1,5.16169892
581.5856934,2.266666667,1,5.142668347,1,5.238992053
582.0856934,2.266666667,1,5.222222059,1,5.317104779
582.5856934,2.266666667,1,5.383747468,1,5.475832064
583.0856934,2.266666667,1,5.665961292,1,5.753530861
583.5856934,2.266666667,1,5.750786824,1,5.837083955
586.0856934,0.453333333,1,5.565273731,1,5.65440286
586.5856934,2.266666667,1,5.649093819,1,5.736920862
587.0856934,2.266666667,1,5.733798075,1,5.8203471
587.5856934,2.266666667,1,5.819297644,1,5.904593557
588.1690063,1.942924907,1,6.043098635,1,6.12527886
588.8356323,1.700103766,1,6.1762696,1,6.256700901
589.5022583,1.700103766,1,6.409079847,1,6.486625045
592.8356934,0.339989624,1,6.281633504,1,6.360732621
593.3356934,2.266666667,1,6.464236865,1,6.541128209
593.8356934,2.266666667,1,6.556859331,1,6.632677007
594.5023193,1.700103766,1,6.55688489,1,6.632702274
595.1689453,1.700103766,1,6.556910448,1,6.632727541
595.8355713,1.700103766,1,6.556936007,1,6.632752807
596.5021973,1.700103766,1,6.556961566,1,6.632778074
597.0857544,1.942112052,1,6.596808677,1,6.672172414
597.5856934,2.266943393,1,6.690736271,1,6.765053721
598.0856934,2.266666667,1,6.78550475,1,6.858795428
598.5856934,2.266666667,1,7.055571691,1,7.126085313
599.0856934,2.266666667,1,7.252809726,1,7.321423968
599.5856934,2.266666667,1,7.352829196,1,7.42051866
600.0856934,2.266666667,1,7.555518452,1,7.621407946
600.5856934,2.266666667,1,7.76192423,1,7.82607614
601.0856934,2.266666667,1,7.866560501,1,7.929865958
601.5856934,2.266666667,1,7.972074727,1,8.034548865
602.0856934,2.266666667,1,8.078528269,1,8.140185439
602.5856934,2.266666667,1,8.18598455,1,8.246838367
603.0856934,2.266666667,1,8.294329731,1,8.354394394
603.5856934,2.266666667,1,8.513906712,1,8.572432998
604.0856934,2.266666667,1,8.896046077,1,8.952074385
604.5856934,2.266666667,1,9.010587184,1,9.065907644
605.0856934,2.266666667,1,9.126075417,1,9.180700002
605.5856934,2.266666667,1,9.242546263,1,9.29648651
606.0856934,2.266666667,1,9.360003884,1,9.413271095
606.5856934,2.266666667,1,9.478452442,1,9.53105769
607.0856934,2.266666667,1,9.546710675,1,9.598941853
607.5856934,2.266666667,1,9.546710675,1,9.598941853
608.8356934,0.906666667,1,9.262684473,1,9.316508125
609.3356934,2.266666667,1,9.262684473,1,9.316508125
609.8356934,2.266666667,1,9.262684473,1,9.316508125
610.3356934,2.266666667,1,9.262684473,1,9.316508125
610.8356934,2.266666667,1,9.262684473,1,9.316508125
611.3356934,2.266666667,1,9.262684473,1,9.316508125
611.8356934,2.266666667,1,9.262684473,1,9.316508125
612.3356934,2.266666667,1,9.262684473,1,9.316508125
612.8356934,2.266666667,1,9.262684473,1,9.316508125
613.3356934,2.266666667,1,9.262684473,1,9.316508125
613.8356934,2.266666667,1,9.262684473,1,9.316508125
614.3356934,2.266666667,1,9.262684473,1,9.316508125
614.8356934,2.266666667,1,9.262684473,1,9.316508125
615.8356934,1.133333333,1,9.030344968,1,9.085545126
617.8356934,0.566666667,1,8.689171722,1,8.746525323
618.3356934,2.266666667,1,8.689171722,1,8.746525323
618.8356934,2.266666667,1,8.689171722,1,8.746525323
619.3356934,2.266666667,1,8.689171722,1,8.746525323
620.1690674,1.359933597,1,8.510765502,1,8.569313241
620.8356934,1.700103766,1,8.400539493,1,8.459850103
621.5023193,1.700103766,1,8.584836972,1,8.642882959
622.8356934,0.849974061,1,8.309413164,1,8.369369577
623.8356934,1.133333333,1,8.093368606,1,8.154913574
624.3356934,2.266666667,1,8.093368606,1,8.154913574
624.8356934,2.266666667,1,8.093368606,1,8.154913574
625.3356934,2.266666667,1,8.093368606,1,8.154913574
626.1690063,1.360033204,1,7.92326062,1,7.986116631
626.8356323,1.700103766,1,7.818178509,1,7.881872569
627.5022583,1.700103766,1,8.050659401,1,8.112528385
628.1688843,1.700103766,1,7.944451367,1,8.007141033
628.8356934,1.699636918,1,7.839095205,1,7.902620681
629.3356934,2.266666667,1,7.839095205,1,7.902620681
629.8356934,2.266666667,1,7.899132722,1,7.962179209
630.3356934,2.266666667,1,8.004937361,1,8.067157006
630.8356934,2.266666667,1,8.111682605,1,8.173089665
631.3356934,2.266666667,1,8.481778998,1,8.540525451
631.8356934,2.266666667,1,8.481778998,1,8.540525451
632.3356934,2.266666667,1,8.481778998,1,8.540525451
632.8356934,2.266666667,1,8.592712967,1,8.650706106
633.3356934,2.266666667,1,8.704610019,1,8.761862564
633.8356934,2.266666667,1,8.817474319,1,8.873998725
634.3356934,2.266666667,1,8.931310028,1,8.987118493
634.8356934,2.266666667,1,8.996959854,1,9.052363593
635.3356934,2.266666667,1,8.996903742,1,9.052307824
635.8356934,2.266666667,1,8.996903742,1,9.052307824
638.8356934,0.377777778,1,8.619303431,1,8.677118856
640.8356934,0.566666667,1,8.288629632,1,8.348735304
641.3356934,2.266666667,1,8.288629632,1,8.348735304
641.8356934,2.266666667,1,8.288629632,1,8.348735304
642.3356934,2.266666667,1,8.288629632,1,8.348735304
642.8356934,2.266666667,1,8.288629632,1,8.348735304
643.8356934,1.133333333,1,8.072947051,1,8.134646525
647.8356934,0.283333333,1,7.7045647,1,7.769190254
648.8356934,1.133333333,1,7.499181612,1,7.565561767
649.8356934,1.133333333,1,7.297481323,1,7.365679443
650.8356934,1.133333333,1,7.099430513,1,7.169512788
652.0856934,0.906666667,1,6.866539943,1,6.938974765
652.5856934,2.266666667,1,6.866539943,1,6.938974765
653.0856934,2.266666667,1,6.866539943,1,6.938974765
653.5856934,2.266666667,1,6.866539943,1,6.938974765
654.0856934,2.266666667,1,6.866539943,1,6.938974765
654.5856934,2.266666667,1,6.866539943,1,6.938974765
655.0856934,2.266666667,1,6.866539943,1,6.938974765
655.5856934,2.266666667,1,6.866539943,1,6.938974765
656.0856934,2.266666667,1,7.099430513,1,7.169512788
656.5856934,2.266666667,1,7.099430513,1,7.169512788
657.0856934,2.266666667,1,7.099430513,1,7.169512788
657.5856934,2.266666667,1,7.099430513,1,7.169512788
658.0856934,2.266666667,1,7.099430513,1,7.169512788
658.5856934,2.266666667,1,7.099430513,1,7.169512788
659.8356934,0.906666667,1,6.866539943,1,6.938974765
660.3356934,2.266666667,1,6.866539943,1,6.938974765
660.8356934,2.266666667,1,6.866539943,1,6.938974765
661.3356934,2.266666667,1,6.866539943,1,6.938974765
661.8356934,2.266666667,1,6.866539943,1,6.938974765
662.3356934,2.266666667,1,6.866539943,1,6.938974765
662.8356934,2.266666667,1,6.866539943,1,6.938974765
663.3356934,2.266666667,1,7.060255357,1,7.130722664
663.8356934,2.266666667,1,7.357606698,1,7.42525261
668.0856934,0.266666667,1,7.008627844,1,7.079609047
668.5856934,2.266666667,1,7.008627844,1,7.079609047
669.0856934,2.266666667,1,7.008627844,1,7.079609047
669.5856934,2.266666667,1,7.16544273,1,7.234885592
670.0856934,2.266666667,1,7.264604466,1,7.333108348
670.5856934,2.266666667,1,7.364676866,1,7.432258428
671.0856934,2.266666667,1,7.618921128,1,7.684266989
671.5856934,2.266666667,1,7.826474815,1,7.890101902
672.0856934,2.266666667,1,7.826474815,1,7.890101902
672.5856934,2.266666667,1,7.826474815,1,7.890101902
673.0856934,2.266666667,1,7.826474815,1,7.890101902
673.5856934,2.266666667,1,7.995199584,1,8.057494424
674.0856934,2.266666667,1,8.101858433,1,8.163339395
674.5856934,2.266666667,1,8.209461667,1,8.270142735
675.0856934,2.266666667,1,8.318013448,1,8.377908315
675.5856934,2.266666667,1,8.427608566,1,8.486730003
676.0856934,2.266666667,1,8.427608566,1,8.486730003
676.5856934,2.266666667,1,8.427608566,1,8.486730003
677.0856934,2.266666667,1,8.427608566,1,8.486730003
677.5856934,2.266666667,1,8.427608566,1,8.486730003
678.0856934,2.266666667,1,8.427608566,1,8.486730003
678.5856934,2.266666667,1,8.427608566,1,8.486730003
679.0856934,2.266666667,1,8.427608566,1,8.486730003
679.5856934,2.266666667,1,8.427608566,1,8.486730003
680.0856934,2.266666667,1,8.427608566,1,8.486730003
680.5856934,2.266666667,1,8.427608566,1,8.486730003
681.0856934,2.266666667,1,8.427608566,1,8.486730003
681.5856934,2.266666667,1,8.427608566,1,8.486730003
682.0856934,2.266666667,1,8.427608566,1,8.486730003
682.5856934,2.266666667,1,8.427608566,1,8.486730003
683.0856934,2.266666667,1,8.79962942,1,8.85626772
683.5856934,2.266666667,1,9.14366933,1,9.198189432
684.0856934,2.266666667,1,9.14366933,1,9.198189432
684.5856934,2.266666667,1,9.14366933,1,9.198189432
685.0856934,2.266666667,1,9.14366933,1,9.198189432
685.5856934,2.266666667,1,9.14366933,1,9.198189432
686.0856934,2.266666667,1,9.377940347,1,9.431106253
686.5856934,2.266666667,1,9.797482029,1,9.848383324
687.0856934,2.266666667,1,10.04274448,1,10.09240887
687.5856934,2.266666667,1,10.2920663,1,10.34053329
688.0856934,2.266666667,1,10.54548079,1,10.59278835
688.5856934,2.266666667,1,10.85502743,1,10.90099172
689.0856934,2.266666667,1,10.85502743,1,10.90099172
689.5856934,2.266666667,1,10.85502743,1,10.90099172
690.0856934,2.266666667,1,10.85502743,1,10.90099172
690.5856934,2.266666667,1,10.85502743,1,10.90099172
691.0856934,2.266666667,1,10.85502743,1,10.90099172
691.5856934,2.266666667,1,10.85502743,1,10.90099172
692.0856934,2.266666667,1,10.85502743,1,10.90099172
692.5856934,2.266666667,1,10.85502743,1,10.90099172
693.0856934,2.266666667,1,10.85502743,1,10.90099172
693.5856934,2.266666667,1,10.85502743,1,10.90099172
694.0856934,2.266666667,1,10.85502743,1,10.90099172
694.5856934,2.266666667,1,10.85502743,1,10.90099172
695.0856934,2.266666667,1,10.85502743,1,10.90099172
695.5856934,2.266666667,1,11.17057307,1,11.21524421
696.0856934,2.266666667,1,11.17057307,1,11.21524421
696.5856934,2.266666667,1,11.17057307,1,11.21524421
697.0856934,2.266666667,1,11.17057307,1,11.21524421
697.5856934,2.266666667,1,11.17057307,1,11.21524421
698.0856934,2.266666667,1,11.17057307,1,11.21524421
698.5856934,2.266666667,1,11.17057307,1,11.21524421
699.0856934,2.266666667,1,11.17057307,1,11.21524421
699.5856934,2.266666667,1,11.17057307,1,11.21524421
700.0856934,2.266666667,1,11.64562963,1,11.68848534
700.5856934,2.266666667,1,11.64562963,1,11.68848534
701.0856934,2.266666667,1,11.64562963,1,11.68848534
701.5856934,2.266666667,1,11.64562963,1,11.68848534
702.0856934,2.266666667,1,11.64562963,1,11.68848534
702.5856934,2.266666667,1,11.64562963,1,11.68848534
703.0856934,2.266666667,1,11.64562963,1,11.68848534
703.5856934,2.266666667,1,11.64562963,1,11.68848534
704.0856934,2.266666667,1,11.64562963,1,11.68848534
704.5856934,2.266666667,1,11.64562963,1,11.68848534
705.0856934,2.266666667,1,11.64562963,1,11.68848534
705.5856934,2.266666667,1,11.64562963,1,11.68848534
706.0856934,2.266666667,1,11.64562963,1,11.68848534
706.5856934,2.266666667,1,11.64562963,1,11.68848534
707.0856934,2.266666667,1,11.64562963,1,11.68848534
707.5856934,2.266666667,1,11.64562963,1,11.68848534
708.0856934,2.266666667,1,11.64562963,1,11.68848534
708.5856934,2.266666667,1,11.64562963,1,11.68848534
709.0856934,2.266666667,1,11.64562963,1,11.68848534
709.5856934,2.266666667,1,11.64562963,1,11.68848534
710.0856934,2.266666667,1,11.64562963,1,11.68848534
710.5856934,2.266666667,1,11.64562963,1,11.68848534
711.0856934,2.266666667,1,11.64562963,1,11.68848534
711.5856934,2.266666667,1,11.64562963,1,11.68848534
712.0856934,2.266666667,1,11.64562963,1,11.68848534
712.5856934,2.266666667,1,11.64562963,1,11.68848534
713.0856934,2.266666667,1,11.64562963,1,11.68848534
713.5856934,2.266666667,1,11.64562963,1,11.68848534
714.0856934,2.266666667,1,11.64562963,1,11.68848534
714.5856934,2.266666667,1,11.64562963,1,11.68848534
715.0856934,2.266666667,1,11.64562963,1,11.68848534
715.5856934,2.266666667,1,11.64562963,1,11.68848534
716.0856934,2.266666667,1,11.64562963,1,11.68848534
716.5856934,2.266666667,1,11.64562963,1,11.68848534
717.0856934,2.266666667,1,11.64562963,1,11.68848534
717.5856934,2.266666667,1,11.64562963,1,11.68848534
718.0856934,2.266666667,1,11.64562963,1,11.68848534
718.5856934,2.266666667,1,11.64562963,1,11.68848534
719.0856934,2.266666667,1,11.64562963,1,11.68848534
719.5856934,2.266666667,1,11.64562963,1,11.68848534
720.0856934,2.266666667,1,11.64562963,1,11.68848534
720.5856934,2.266666667,1,11.64562963,1,11.68848534
721.0856934,2.266666667,1,11.64562963,1,11.68848534
721.5856934,2.266666667,1,11.64562963,1,11.68848534
722.0856934,2.266666667,1,11.64562963,1,11.68848534
722.5856934,2.266666667,1,11.64562963,1,11.68848534
723.0856934,2.266666667,1,11.64562963,1,11.68848534
723.5856934,2.266666667,1,11.64562963,1,11.68848534
724.0856934,2.266666667,1,11.64562963,1,11.68848534
724.5856934,2.266666667,1,11.64562963,1,11.68848534
725.0856934,2.266666667,1,11.64562963,1,11.68848534
725.5856934,2.266666667,1,11.64562963,1,11.68848534
726.0856934,2.266666667,1,11.64562963,1,11.68848534
726.5856934,2.266666667,1,11.64562963,1,11.68848534
727.0856934,2.266666667,1,11.64562963,1,11.68848534
727.5856934,2.266666667,1,11.64562963,1,11.68848534
728.0856934,2.266666667,1,11.64562963,1,11.68848534
728.5856934,2.266666667,1,11.64562963,1,11.68848534
729.0856934,2.266666667,1,11.64562963,1,11.68848534
729.5856934,2.266666667,1,11.64562963,1,11.68848534
730.0856934,2.266666667,1,11.64562963,1,11.68848534
730.5856934,2.266666667,1,11.64562963,1,11.68848534
731.0856934,2.266666667,1,11.64562963,1,11.68848534
731.5856934,2.266666667,1,11.64562963,1,11.68848534
732.8356934,0.906666667,1,11.32115733,1,11.36523661
733.3356934,2.266666667,1,11.32115733,1,11.36523661
733.8356934,2.266666667,1,11.32115733,1,11.36523661
734.3356934,2.266666667,1,11.32115733,1,11.36523661
734.8356934,2.266666667,1,11.32115733,1,11.36523661
735.8356934,1.133333333,1,11.05541343,1,11.10054801
738.8356934,0.377777778,1,10.62180484,1,10.66877398
739.8356934,1.133333333,1,10.36716413,1,10.41528166
740.8356934,1.133333333,1,10.11662602,1,10.16592947
741.3356934,2.266666667,1,10.11662602,1,10.16592947
741.8356934,2.266666667,1,10.11662602,1,10.16592947
742.3356934,2.266666667,1,10.11662602,1,10.16592947
742.8356934,2.266666667,1,10.11662602,1,10.16592947
743.8356934,1.133333333,1,9.870157203,1,9.920685622
744.8356934,1.133333333,1,9.627724355,1,9.67951839
745.8356934,1.133333333,1,9.389294159,1,9.442396137
748.0856934,0.503703704,1,9.026280142,1,9.081505008
748.5856934,2.266666667,1,9.026280142,1,9.081505008
749.0856934,2.266666667,1,9.026280142,1,9.081505008
749.5856934,2.266666667,1,9.026280142,1,9.081505008
750.0856934,2.266666667,1,9.026280142,1,9.081505008
750.5856934,2.266666667,1,9.026280142,1,9.081505008
751.0856934,2.266666667,1,9.026280142,1,9.081505008
751.5856934,2.266666667,1,9.026280142,1,9.081505008
752.0856934,2.266666667,1,9.026280142,1,9.081505008
752.5856934,2.266666667,1,9.026280142,1,9.081505008
753.0856934,2.266666667,1,9.026280142,1,9.081505008
753.5856934,2.266666667,1,9.026280142,1,9.081505008
754.0856934,2.266666667,1,9.026280142,1,9.081505008
754.5856934,2.266666667,1,9.026280142,1,9.081505008
755.8356934,0.906666667,1,8.752724228,1,8.809664092
763.8356934,0.141666667,1,8.336449673,1,8.396213025
764.8356934,1.133333333,1,8.119934682,1,8.181279805
765.8356934,1.133333333,1,7.907201424,1,7.970184085
766.8356934,1.133333333,1,7.698216579,1,7.762894982
767.8356934,1.133333333,1,7.492946831,1,7.559381734
768.8356934,1.133333333,1,7.291358859,1,7.359613714
769.8356934,1.133333333,1,7.093419347,1,7.163560429
770.8356934,1.133333333,1,6.899094974,1,6.971191538
771.8356934,1.133333333,1,6.708352424,1,6.782476852
772.8356934,1.133333333,1,6.521158378,1,6.597386345
773.8356934,1.133333333,1,6.337479516,1,6.415890166
774.8356934,1.133333333,1,6.157282522,1,6.237958645
775.8356934,1.133333333,1,5.980534075,1,6.063562305
777.8356934,0.566666667,1,5.72180455,1,5.808532285
782.8356934,0.226666667,1,5.421314024,1,5.512771149
783.8356934,1.133333333,1,5.259014672,1,5.353245307
784.3356934,2.266666667,1,5.259014672,1,5.353245307
784.8356934,2.266666667,1,5.259014672,1,5.353245307
785.3356934,2.266666667,1,5.259014672,1,5.353245307
785.8356934,2.266666667,1,5.259014672,1,5.353245307
786.3356934,2.266666667,1,5.259014672,1,5.353245307
786.8356934,2.266666667,1.75,5.259014672,1.047424316,5.362306688
787.3356934,2.266666667,1,5.259014672,1.047424316,5.362306688
803.8356934,0.068686869,1,4.953548695,1.047424316,5.063076375
811.8356934,0.141666667,1,4.669697142,1.047424316,4.785725556
815.8356934,0.283333333,1,4.414748568,1.047424316,4.537301248
818.8356934,0.377777778,1,4.180731171,1.047424316,4.30994325
819.8356934,1.133333333,1,4.044371982,1.047424316,4.177803541
824.8356934,0.226666667,1,3.806457294,1.047424316,3.947938048
826.8356934,0.566666667,1,3.615474212,1.047424316,3.764140204
827.8356934,1.133333333,1,3.491768803,1.047424316,3.645483106
828.8356934,1.133333333,1,3.37091784,1.047424316,3.529898693
829.8356934,1.133333333,1,3.252888004,1.047424316,3.417364199
835.8356934,0.188888889,1,3.179579798,1.047424316,3.347659689
838.8356934,0.377777778,1,2.991944325,1.047424316,3.169988729
840.8356934,0.566666667,1,2.82951584,1.047424316,3.017160517
841.8356934,1.133333333,1,2.724563623,1.047424316,2.918962938
844.8356934,0.377777778,1,2.555466542,1.047424316,2.761794153
845.8356934,1.133333333,1,2.555466542,1.047424316,2.761794153
847.8356934,0.566666667,1,2.572052161,1.047424316,2.777147821
849.8356934,0.566666667,1,2.522509512,1.047424316,2.73132787
851.8356934,0.566666667,1,2.473607173,1.047424316,2.686229727
856.8356934,0.226666667,1,2.302796158,1.047424316,2.529815773
857.8356934,1.133333333,1,2.211392045,1.047424316,2.446906715
858.8356934,1.133333333,1,2.122439224,1.047424316,2.366821911
860.3356934,0.755555556,1,2.007590998,1.047424316,2.264402639
861.3356934,1.133333333,1,2.007590998,1.047424316,2.264402639
862.3356934,1.133333333,1,2.007590998,1.047424316,2.264402639
863.3356934,1.133333333,1,2.007590998,1.047424316,2.264402639
863.8356934,2.266666667,1,2.141996384,1.047424316,2.384375433
864.8356934,1.133333333,1,2.054927089,1.047424316,2.306474158
865.8356934,1.133333333,1,1.970249855,1.047424316,2.231363303
866.8356934,1.133333333,1,1.887931362,1.047424316,2.159023512
867.8356934,1.133333333,1,1.807938293,1,2.066068941
868.8356934,1.133333333,1,1.730237329,1,1.998429687
869.8356934,1.133333333,1,1.654795151,1,1.933480538
870.8356934,1.133333333,1,1.581578441,1,1.871200247
872.1690063,0.85001297,1,1.493137154,1,1.797069437
872.8356934,1.699948122,1,1.45870167,1,1.768561721
873.5023804,1.699948122,1,1.424799744,1,1.740705119
874.3356934,1.360033204,1,1.37166279,1,1.697486027
874.8356934,2.266666667,1,1.37166279,1,1.697486027
875.3356934,2.266666667,1,1.37166279,1,1.697486027
875.8357544,2.266390008,1,1.451861607,1,1.762924311
876.5023804,1.700103766,1,1.54755603,1,1.842533491
877.1689453,1.700259439,1,1.583383848,1,1.872726464
877.8356934,1.699792506,1,1.619730226,1,1.903556147
878.3356934,2.266666667,1,1.694110801,1,1.967234457
878.8356934,2.266666667,1,1.770734332,1,2.033592898
879.3356934,2.266666667,1,1.849634136,1,2.102652238
879.8356934,2.266666667,1,1.930843531,1,2.174432511
880.3356934,2.266666667,1,2.014395837,1,2.248953221
880.8356934,2.266666667,1,2.100324372,1,2.326233537
881.3356934,2.266666667,1,2.188662454,1,2.406292446
881.8356934,2.266666667,1,2.279443401,1,2.489148894
882.3356934,2.266666667,1,2.372700532,1,2.5748219
882.8356934,2.266666667,1,2.468467166,1,2.663330649
883.3356934,2.266666667,1,2.616895317,1,2.80145339
883.8356934,2.266666667,1,2.802719605,1,2.975775056
885.8356934,0.566666667,1,2.750247898,1,2.926407952
886.3356934,2.266666667,1,2.750247898,1,2.926407952
886.8356934,2.266666667,1,2.750247898,1,2.926407952
887.3356934,2.266666667,1,2.750247898,1,2.926407952
887.8356934,2.266666667,1,2.750247898,1,2.926407952
888.8356934,1.133333333,1,2.647277404,1,2.829854705
890.1690674,0.849974061,1,2.522218308,1,2.713224133
890.8356934,1.700103766,1,2.473328641,1,2.667837058
891.5023193,1.700103766,1,2.615841639,1,2.800469153
892.8356934,0.849974061,1,2.679382689,1,2.859911116
893.8356934,1.133333333,1,2.756982904,1,2.932738435
894.8356934,1.133333333,1,2.827206282,1,2.998849006
895.3356934,2.266666667,1,2.934761496,1,3.100455618
895.8356934,2.266666667,1,3.13517163,1,3.290790353
896.3356934,2.266666667,1,3.3089874,1,3.456790073
896.8356934,2.266666667,1,3.428362318,1,3.571227826
897.3356934,2.266666667,1,3.550574299,1,3.688709511
897.8356934,2.266666667,1,3.675656661,1,3.809258706
898.3356934,2.266666667,1,3.912539912,1,4.038312589
898.8356934,2.266666667,1,4.136530208,1,4.255688212
899.3356934,2.266666667,1,4.345290322,1,4.45887295
899.8356934,2.266666667,1,4.488294654,1,4.598346323
900.3356934,2.266666667,1,4.733548571,1,4.838024605
900.8356934,2.266666667,1,4.884903236,1,4.986208944
901.3356934,2.266666667,1,5.117931506,1,5.214712159
901.8356934,2.266666667,1,5.358255257,1,5.450770533
902.3356934,2.266666667,1,5.60598694,1,5.694478868
902.8356934,2.266666667,1,5.913201758,1,5.997162248
903.3356934,2.266666667,1,6.088627528,1,6.170201388
904.1690063,1.360033204,1,6.124129108,1,6.205236283
904.8356934,1.699948122,1,6.273507611,1,6.352707907
905.5023804,1.699948122,1,6.364286716,1,6.442371101
906.3356934,1.360033204,1,6.400850873,1,6.47849457
906.8356934,2.266666667,1,6.585746322,1,6.661235217
907.3356934,2.266666667,1,6.585746322,1,6.661235217
907.8356934,2.266666667,1,6.774168524,1,6.847580535
908.8356934,1.133333333,1,6.774168524,1,6.847580535
909.8356934,1.133333333,1,6.774168524,1,6.847580535
910.8356934,1.133333333,1,6.774168524,1,6.847580535
911.8356934,1.133333333,1,6.774168524,1,6.847580535
912.3356934,2.266666667,1,6.966150796,1,7.037560437
912.8356934,2.266666667,1,7.161726457,1,7.231205007
913.3356934,2.266666667,1,7.411297685,1,7.478457955
913.8356934,2.266666667,1,7.512737669,1,7.578999095
914.3356934,2.266666667,1,7.615099076,1,7.680477455
914.8356934,2.266666667,1,7.780782894,1,7.844780586
915.3356934,2.266666667,1,7.780782894,1,7.844780586
915.8356934,2.266666667,1,7.780782894,1,7.844780586
916.3356934,2.266666667,1,7.780833816,1,7.844831093
916.8356934,2.266666667,1,7.885581778,1,7.948735747
917.5023193,1.700103766,1,7.885552869,1,7.948707067
918.1690063,1.699948122,1,7.885581768,1,7.948735737
918.8356323,1.700103766,1,7.780833805,1,7.844831082
919.8356934,1.133264164,1,7.574078925,1,7.639808346
922.0856934,0.503703704,1,7.259812181,1,7.328360861
922.5856934,2.266666667,1,7.259812181,1,7.328360861
923.0856934,2.266666667,1,7.259812181,1,7.328360861
923.5856934,2.266666667,1,7.259812181,1,7.328360861
924.3356934,1.511111111,1,7.127832405,1,7.19763814
925.3356934,1.133333333,1,6.932877137,1,7.004626
926.3356934,1.133333333,1,6.741509528,1,6.815273341
927.3356934,1.133333333,1,6.553696259,1,6.62955011
928.3356934,1.133333333,1,6.369404013,1,6.447426423
929.3356934,1.133333333,1,6.188599469,1,6.268872577
930.3356934,1.133333333,1,6.27856786,1,6.357705119
931.3356934,1.133333333,1,6.099494674,1,6.180925115
932.3356934,1.133333333,1,5.923859214,1,6.007670763
933.3356934,1.133333333,1,5.751628162,1,5.837912856
934.3356934,1.133333333,1,5.582768198,1,5.671622409
935.3356934,1.133333333,1,5.582768198,1,5.671622409
936.3356934,1.133333333,1,5.624672817,1,5.712875309
937.3356934,1.133333333,1,5.541064612,1,5.630576972
938.3356934,1.133333333,1,5.458289071,1,5.549136832
939.3356934,1.133333333,1,5.49956923,1,5.589746123
940.3356934,1.133333333,1,5.49956923,1,5.589746123
941.3356934,1.133333333,1,5.49956923,1,5.589746123
942.3356934,1.133333333,1,5.335703882,1,5.428603496
943.3356934,1.133333333,1,5.175126322,1,5.270856899
944.3356934,1.133333333,1,5.017803233,1,5.116478211
945.3356934,1.133333333,1,4.863701295,1,4.965439586
946.3356934,1.133333333,1,4.71278719,1,4.817713472
947.3356934,1.133333333,1,4.5650276,1,4.673272621
948.3356934,1.133333333,1,4.420389206,1,4.532090107
949.3356934,1.133333333,1,4.278838691,1,4.39413934
950.3356934,1.133333333,1,4.140342735,1,4.259394084
951.3356934,1.133333333,1,4.00486802,1,4.127828467
952.3356934,1.133333333,1,3.872381228,1,3.999417004
953.3356934,1.133333333,1,3.74284904,1,3.874134605
954.3356934,1.133333333,1,3.616238138,1,3.751956592
955.3356934,1.133333333,1,3.492515204,1,3.632858716
956.3356934,1.133333333,1,3.371646918,1,3.516817161
957.3356934,1.133333333,1,3.253599964,1,3.403808562
958.3356934,1.133333333,1,3.138341021,1,3.293810008
959.3356934,1.133333333,1,3.115617542,1,3.272166357
960.3356934,1.133333333,1,3.059302632,1,3.21859171
961.3356934,1.133333333,1,3.003670439,1,3.165759957
962.3356934,1.133333333,1,2.981602551,1,3.144829689
963.3356934,1.133333333,1,2.87289881,1,3.041964427
964.3356934,1.133333333,1,2.7668698,1,2.942034754
965.3356934,1.133333333,1,2.663482203,1,2.845019762
966.3356934,1.133333333,1,2.663482203,1,2.845019762
967.3356934,1.133333333,1,2.663482203,1,2.845019762
968.3356934,1.133333333,1,2.663482203,1,2.845019762
969.3356934,1.133333333,1,2.663482203,1,2.845019762
970.3356934,1.133333333,1,2.562702699,1,2.750898966
971.3356934,1.133333333,1,2.464497971,1,2.659652279
972.3356934,1.133333333,1,2.368834699,1,2.57125997
973.3356934,1.133333333,1,2.275679567,1,2.485702615
974.3356934,1.133333333,1,2.184999255,1,2.402961036
975.3356934,1.133333333,1,2.096760444,1,2.32301622
976.3356934,1.133333333,1,2.010929817,1,2.245849222
977.3356934,1.133333333,1,1.927474055,1,2.17144105
978.3356934,1.133333333,1,1.84635984,1,2.099772525
979.3356934,1.133333333,1,1.767553853,1,2.030824124
980.3356934,1.133333333,1,1.728999026,1,1.997357662
981.3356934,1.133333333,1,1.691019323,1,1.964572817
982.3356934,1.133333333,1,1.653589713,1,1.932448949
983.3356934,1.133333333,1,1.653594247,1,1.932452828
987.8356934,0.251851852,1,1.637140694,1,1.918392466
991.8356934,0.283333333,1,1.511366456,1,1.812244069
995.8356934,0.283333333,1,1.392204824,1,1.714127846
996.3356934,2.266666667,1,1.392204824,1,1.714127846
996.8356934,2.266666667,1,1.436831377,1,1.750566881
997.3356934,2.266666667,1,1.505543561,1,1.807390775
997.8356934,2.266666667,1,1.576412187,1,1.86683566
998.3356934,2.266666667,1,1.649470573,1,1.928925393
998.8356934,2.266666667,1,1.724752037,1,1.993682419
999.3356934,2.266666667,1,1.802289899,1,2.06112806
999.8356934,2.266666667,1,1.882117476,1,2.131282757
1000.335693,2.266666667,1,1.964268086,1,2.204166308
1000.835693,2.266666667,1,2.048775049,1,2.279798062
1001.335693,2.266666667,1,2.135671683,1,2.358197095
1001.835693,2.266666667,1,2.224991306,1,2.439382363
1002.335693,2.266666667,1,2.316767236,1,2.523372827
1002.835693,2.266666667,1,2.411032792,1,2.610187565
1003.335693,2.266666667,1,2.507821293,1,2.699845854
1003.835693,2.266666667,1,2.607166056,1,2.792367247
1011.835693,0.141666667,1,2.520098909,1,2.711254048
1012.335693,2.266666667,1,2.619765548,1,2.80413472
1012.835693,2.266666667,1,2.722025933,1,2.899900891
1013.335815,2.266113416,1,2.826861533,1,2.998523992
1013.835693,2.267220187,1,2.93446124,1,3.100171409
1014.335693,2.266666667,1,3.044702773,1,3.204717613
1014.835693,2.266666667,1,3.157671327,1,3.312233115
1015.335693,2.266666667,1,3.273400218,1,3.422739982
1015.835693,2.266666667,1,3.391922766,1,3.536260744
1016.335693,2.266666667,1,3.513272288,1,3.652818387
1016.835693,2.266666667,1,3.637482104,1,3.772436356
1017.335693,2.266666667,1,3.764585532,1,3.895138537
1017.835693,2.266666667,1,3.894615889,1,4.020949257
1018.335693,2.266666667,1,4.027606496,1,4.149893262
1018.835693,2.266666667,1,4.163590669,1,4.28199571
1019.335693,2.266666667,1,4.302601727,1,4.417282153
1019.835693,2.266666667,1,4.444672989,1,4.555778526
1027.835693,0.141666667,1,4.320192597,1,4.434418121
1028.335693,2.266666667,1,4.462648727,1,4.573317577
1028.835693,2.266666667,1,4.608202544,1,4.715456573
1029.335693,2.266666667,1,4.756887367,1,4.860861798
1029.835693,2.266666667,1,4.908736514,1,5.009560276
1030.335693,2.266666667,1,5.063783302,1,5.161579345
1030.835693,2.266666667,1,5.222061052,1,5.316946645
1031.335693,2.266666667,1,5.38360308,1,5.475690105
1031.835571,2.267220187,1,5.548524024,1,5.637917953
1032.335693,2.266113416,1,5.716613288,1,5.803418603
1032.835693,2.266666667,1,5.888148064,1,5.972460768
1033.335693,2.266666667,1,6.063080394,1,6.144993398
1033.835693,2.266666667,1,6.241443594,1,6.321045653
1034.335693,2.266666667,1,6.423270984,1,6.500646902
1034.835693,2.266666667,1,6.608595882,1,6.683826714
1035.335693,2.266666667,1,6.797451607,1,6.870614845
1035.835693,2.266666667,1,6.989871476,1,7.06104123
1042.835693,0.161904762,1,6.824721169,1,6.897595164
1043.835693,1.133333333,1,6.824721169,1,6.897595164
1044.335693,2.266666667,1,7.017652922,1,7.088543753
1044.835693,2.266666667,1,7.214186897,1,7.283165012
1045.335693,2.266666667,1,7.414356414,1,7.481489226
1045.835693,2.266666667,1,7.618194791,1,7.683546829
1046.835693,1.133333333,1,7.618194791,1,7.683546829
1047.835693,1.133333333,1,7.618194791,1,7.683546829
1048.335693,2.266666667,1,7.825735346,1,7.889368397
1048.835693,2.266666667,1,8.037011397,1,8.09898464
1049.335693,2.266666667,1,8.252056263,1,8.312426395
1049.835693,2.266666667,1,8.643767561,1,8.701420438
1051.835693,0.566666667,1,8.69982641,1,8.757110229
1053.335693,0.755555556,1,8.79379554,1,8.850471174
1054.835693,0.755555556,1,8.495455743,1,8.55410827
1055.335693,2.266666667,1,8.495455743,1,8.55410827
1056.335693,1.133333333,1,8.276184228,1,8.336379632
1057.335693,1.133333333,1,8.060718547,1,8.122510911
1060.835693,0.323809524,1,7.70010723,1,7.764769884
1062.335693,0.755555556,1,7.427189106,1,7.494206963
1062.835693,2.266666667,1,7.427189106,1,7.494206963
1063.335693,2.266666667,1,7.427189106,1,7.494206963
1063.835693,2.266666667,1,7.427189106,1,7.494206963
1065.335693,0.755555556,1,7.160797159,1,7.230284639
1065.835693,2.266666667,1,7.160797159,1,7.230284639
1066.335693,2.266666667,1,7.160797159,1,7.230284639
1067.335693,1.133333333,1,6.965238495,1,7.036657395
1067.835693,2.266666667,1,6.965238495,1,7.036657395
1068.835693,1.133333333,1,6.773273062,1,6.846694675
1069.335693,2.266666667,1,6.773273062,1,6.846694675
1070.335693,1.133333333,1,6.941046994,1,7.012712269
1071.835693,0.755555556,1,6.686480644,1,6.760844874
1074.835693,0.377777778,1,6.377125059,1,6.455054146
1076.335693,0.755555556,1,6.136713146,1,6.217656169
1076.835693,2.266666667,1,6.136626178,1,6.217570333
1077.335693,2.266666667,1,6.136626178,1,6.217570333
1077.835693,2.266666667,1,6.136626178,1,6.217570333
1079.835693,0.566666667,1,5.873381012,1,5.957902694
1080.335693,2.266666667,1,5.873381012,1,5.957902694
1080.835693,2.266666667,1,5.873381012,1,5.957902694
1081.335693,2.266666667,1,5.873381012,1,5.957902694
1081.835693,2.266666667,1,5.873381012,1,5.957902694
1082.502319,1.700103766,1,5.787351211,1,5.873111104
1083.169067,1.699792506,1,5.702119045,1,5.789141699
1083.835693,1.700103766,1,5.61777395,1,5.706083084
1085.835693,0.566666667,1,5.36969253,1,5.462014086
1086.835693,1.133333333,1,5.208430302,1,5.303559768
1089.835693,0.377777778,1,5.241756538,1,5.336291934
1090.335693,2.266666667,1,5.241756538,1,5.336291934
1090.835693,2.266666667,1,5.241756538,1,5.336291934
1091.335693,2.266666667,1,5.241756538,1,5.336291934
1091.835693,2.266666667,1,5.241756538,1,5.336291934
1094.835693,0.377777778,1,4.979093332,1,5.078520494
1096.335693,0.755555556,1,4.775395866,1,4.878975884
1099.835693,0.323809524,1,4.521764768,1,4.63102112
1100.835693,1.133333333,1,4.377977108,1,4.490733076
1101.335693,2.266666667,1,4.378046511,1,4.490800736
1103.335693,0.566666667,1,4.168229992,1,4.286506884
1103.835693,2.266666667,1,4.168229992,1,4.286506884
1106.835693,0.377777778,1,3.943086221,1,4.067914569
1110.335693,0.323809524,1,3.720122359,1,3.852182546
1111.335693,1.133333333,1,3.594027435,1,3.730554007
1111.835693,2.266666667,1,3.594027435,1,3.730554007
1113.585693,0.647619048,1,3.418883033,1,3.562128745
1114.502441,1.236253884,1,3.534451651,1,3.673193226
1115.169189,1.699792506,1,3.596421288,1,3.732860309
