_Time,C Swing Speed degree/ms,C Angle Diff,C Pos Diff,C Stamina,C Pattern Diff,C CombinedDiff,C SmoothedDiff
4.198166847229004,0,1,1,0,0,0,0.0
6.198166847229004,0.24166666666666667,1.6,1,0.007552083333333333,0.08125,0.007091281645030725,0.021273844935092174
8.198166847229004,0,1,1,0,0,0,0.01418256329006145
10.198166847229004,0.24166666666666667,1.6,1,0.007552083333333333,0.08125,0.007091281645030725,0.021273844935092174
12.198166847229004,0.08055555555555555,1,1,0.010069444444444443,0.1125,0.011334124782891586,0.03062002568754364
14.198166847229004,0.24166666666666667,1,1,0.017621527777777778,0.14375,0.019225091863465923,0.04474177993641896
14.698166847229004,0.10740740740740741,1,1,0.010908564814814815,0.1125,0.01180506703046686,0.04846872597161641
16.198165893554688,0.32222242708572413,1.6,1,0.020978015661243694,0.1625,0.023731470060080962,0.06020873777022509
18.198165893554688,0.12083336214225184,1,1,0.021397570344723147,0.175,0.025789486193627965,0.07071186881372984
18.698165893554688,0.1933333333333333,1,1,0.027019682327910362,0.19375,0.03215617546094769,0.08293438720892546
20.198165893554688,0.3222222222222222,1.6,1,0.037089126772354805,0.24375000000000002,0.04748300350886316,0.10129471755840305
22.198165893554688,0.24166666666666667,1,1,0.04464121010568814,0.275,0.05886386156227814,0.1222854218763419
24.198165893554688,0.08055555555555555,1.6,1,0.02391493145583426,0.22499999999999998,0.034991012087834755,0.12902854884947007
26.198165893554688,0.24166666666666667,1,1,0.031467014789167594,0.25625,0.04579748699285116,0.13943971835715843
28.198165893554688,0.08055555555555555,1.6,1,0.04715857121679925,0.325,0.07131620773454334,0.15867022022716518
30.198165893554688,0.12083333333333333,1,1,0.03524305645583426,0.2875,0.05437677201745179,0.16914462096951177
30.698165893554688,0.1933333333333333,1,1,0.053200237883465916,0.35625,0.08308085882781903,0.18851759343994723
32.19816589355469,0.24166666666666667,1,1,0.04279513978916759,0.31875,0.06653141450196605,0.20022153197171658
34.19816589355469,0.24166666666666667,1,1,0.05034722312250093,0.35,0.07934202626837944,0.2147389333211145
34.69816589355469,0.1933333333333333,1,1,0.06931134899457703,0.4375,0.1166173292764462,0.23898718543799263
36.19816589355469,0.24166666666666667,1,1,0.05789930645583426,0.38125,0.09278928938714967,0.2541180688134643
38.19816589355469,0.24166666666666667,1,1,0.08693287677235481,0.49999999999999994,0.14963354971930212,0.28337639742720755
40.19816589355469,0.12083333333333333,1,1,0.061675348122500924,0.4125,0.10358112587959535,0.29807684776852766
42.19816589355469,0.24166666666666667,1.6,1,0.06922743145583425,0.46249999999999997,0.12304449756972483,0.3164181035039369
44.19816589355469,0.24166666666666667,1.75,1.2,0.0767795147891676,0.528125,0.14787717469313144,0.3392519012901309
46.19816589355469,0.24166666666666667,1.6,1,0.10581308510568814,0.6820312500000001,0.2245115639761538,0.3780141121580844
48.19816589355469,0.12083333333333333,1,1,0.08055555645583426,0.559375,0.1604013903050081,0.3996583428866757
52.19816589355469,0.12083333333333333,1,1,0.08433159812250093,0.590625,0.17325647986973103,0.4225112191842368
53.69816589355469,0.3222222222222222,1.75,1,0.12721065455013258,0.8226562500000001,0.2969008183671886,0.4693696223228194
54.19816589355469,0.24166666666666667,1,1,0.09188368145583427,0.621875,0.19055124746851934,0.491834217739096
55.19816589355469,0.48333333333333334,1,1,0.17252315455013253,0.8851562500000002,0.37457600797389234,0.5484671800005237
56.19816589355469,0.24166666666666667,1,1,0.0994357647891676,0.653125,0.20832596511891188,0.5703886990853033
56.69816589355469,0.9666666666666667,1,1,0.1296440981225009,0.6843750000000001,0.25079932207696676,0.5987040697936818
57.69816589355469,0.48333333333333334,1,1,0.14474826478916755,0.7156250000000001,0.277778925267254,0.6301149369057362
58.19816589355469,0.9666666666666667,1,1,0.17495659812250086,0.7468750000000001,0.3208583400694357,0.6671159398631898
59.19816589355469,0.48333333333333334,1,1,0.2102835712167992,1.00234375,0.46964773792043285,0.7268595645203955
59.69816589355469,0.3222222222222222,1.3,1.44,0.1850260425669453,0.8053750000000001,0.3554539858039575,0.7648558983123781
60.19816589355469,0.9666666666666667,1.6,1,0.21523437590027863,0.855375,0.40920736977162037,0.8093398014786238
61.19816589355469,0.24166666666666667,1.75,1.5,0.2178356545501325,1.0843750000000003,0.5162199555553781,0.8680059535774353
61.69816589355469,0.9666666666666667,1.75,1.2,0.24804398788346585,1.1500000000000001,0.5859174717551214,0.9341934255012676
62.19816589355469,0.24166666666666667,1,1,0.22278645923361196,0.886625,0.4314986006608012,0.9745543566833051
63.19816589355469,0.48333333333333334,1,1,0.2378906259002786,0.9178750000000001,0.46247620697731506,1.017418711092367
63.69816589355469,0.24166666666666667,1.75,1,0.25559607121679917,1.2046875000000004,0.6226052843395875,1.0806329667887657
64.19816589355469,0.9666666666666667,1,1,0.28580440455013256,1.2359375000000004,0.6781768073229935,1.14855178217852
64.69816589355469,0.3222222222222222,1,1,0.24796007034472306,0.9491250000000001,0.4884849489996514,1.1881597357745066
65.19816589355469,0.9666666666666667,1,1,0.27816840367805645,0.9803750000000001,0.5374769280378028,1.2324358625669483
65.69816589355469,0.3222222222222222,1.75,1,0.295873848994577,1.2906250000000004,0.7202375135046221,1.298159037427816
66.19816589355469,0.9666666666666667,1,1,0.3260821823279104,1.3218750000000004,0.777465775649638,1.3682972794376083
67.19816589355469,0.24166666666666667,1,1,0.2857204870113898,1.011625,0.5618961066406425,1.409176450058144
68.19816589355469,0.48333333333333334,1,1,0.30082465367805655,1.0428750000000002,0.5953122142650552,1.4524303867687878
69.19816589355469,0.48333333333333334,1,1,0.3159288203447232,1.0741250000000002,0.6293125784984367,1.4979881335182352
69.69816589355469,0.9666666666666667,1,1,0.3779793088576413,1.4014705882352945,0.8924113016796801,1.572151204221309
70.19816589355469,0.48333333333333334,1,1,0.3310329870113899,1.1053750000000002,0.6638896575904075,1.6176452936801982
70.69816589355469,0.9666666666666667,1,1,0.3612413203447233,1.1366250000000002,0.7168220658806534,1.667335795561749
71.19816589355469,0.3222222222222222,1.75,1,0.3763862492394864,1.4114285714285717,0.8961762843312064,1.734785284842212
72.19816589355469,0.3222222222222222,1,1,0.36005892343192025,1.1324848484848486,0.713065480381152,1.780206849082296
73.19816589355469,0.48333333333333334,1,1,0.38216717270401873,1.3891891891891894,0.8906964711500651,1.8427326732545437
74.19816589355469,0.24166666666666667,1,1,0.3565767982329422,1.128588235294118,0.7067627674305944,1.8840748100015958
75.19816589355469,0.48333333333333334,1,1,0.3873551809414194,1.3692307692307695,0.8856246821144118,1.9422048656403228
76.19816589355469,0.24166666666666667,1.6,1,0.35329365161676285,1.142057142857143,0.7105602128859334,1.9808908058349108
77.19816589355469,0.48333333333333334,1,1,0.3569058649977787,1.1381111111111113,0.7125744671387653,2.01850647791684
77.69816589355469,0.3222222222222222,1.75,1,0.388107502738315,1.3695121951219515,0.8867806733136985,2.071767406335636
78.19816589355469,0.48333333333333334,1.6,1,0.36032282360144235,1.1505945945945946,0.7237412892822976,2.107809951246083
79.19816589355469,0.48333333333333334,1,1,0.3635599422785974,1.1466315789473684,0.7252925986187485,2.1428716018783707
80.19816589355469,0.24166666666666667,1.75,1,0.39815676617684287,1.3697674418604655,0.9000922537669914,2.192989785274118
81.19816589355469,0.24166666666666667,1,1,0.3604344736731632,1.142871794871795,0.7194503151076656,2.225167241416116
84.19816589355469,0.1611111111111111,1,1,0.35545138960911193,1.1393,0.7115386503235788,2.2556756691851514
84.69816589355469,0.9666666666666667,1,1,0.3703590792934426,1.1359024390243904,0.7270938300513232,2.2866593061134277
85.19816589355469,0.9666666666666667,1,1,0.38455687899280505,1.1326666666666667,0.7417754487762651,2.318021529106821
85.69816589355469,0.9666666666666667,1,1,0.398094315915453,1.1295813953488372,0.7556716937192041,2.349678795295513
86.19816589355469,0.09666666666666665,1,1,0.39334979879120546,1.3533333333333337,0.8839033920990536,2.391280789060284
86.69816589355469,0.9666666666666667,1.75,1,0.405813208962411,1.3619565217391307,0.9053090000671534,2.4335109725511543
87.19816589355469,0.9666666666666667,1,1,0.4177462612539909,1.3542553191489364,0.915997529170356,2.475462673954866
87.69816589355469,0.9666666666666667,1.75,1,0.4291821030334217,1.3625,0.9358367984950251,2.517889134995613
88.19816589355469,0.1933333333333333,1,1,0.39344065722040483,1.1266363636363637,0.7485324478563194,2.5441998756908437
89.19816589355469,0.48333333333333334,1.6,1,0.39543827224513656,1.1371555555555557,0.7570901373165767,2.5704938355356948
90.19816589355469,0.48333333333333334,1.6,1,0.39734903444270603,1.147217391304348,0.7653039212710879,2.5967448704979126
91.19816589355469,0.48333333333333334,1.75,1.5,0.3991784876105917,1.1786595744680852,0.7862318766118769,2.6239326447180837
92.19816589355469,0.48333333333333334,1.75,1,0.4009317135631489,1.1905625000000002,0.79545241139425,2.6511324146376705
94.19816589355469,0.12083333333333333,1,1,0.4299981884759001,1.3411764705882354,0.9235621779428805,2.6872604228004158
94.69816589355469,0.9666666666666667,1,1,0.4403187361334149,1.3346153846153848,0.9325578841289204,2.723162729985268
95.19816589355469,0.9666666666666667,1,1,0.45024982916234413,1.3283018867924528,0.9411117397253521,2.7588152630141325
95.69816589355469,0.9666666666666667,1.75,1,0.45981310393094266,1.336111111111111,0.9581609967038835,2.794841175269666
96.19816589355469,0.12083333333333333,1,1,0.395215420089071,1.1866734693877552,0.7863019239351732,2.8177336796546806
96.69816589355469,0.9666666666666667,1,1,0.40664444502062297,1.18294,0.7976711774087768,2.8408900724170105
97.19816589355469,0.9666666666666667,1,1,0.4176252728960355,1.179352941176471,0.80851855455212,2.8642647381716113
97.69816589355469,0.9666666666666667,1,1,0.4281837612377784,1.1759038461538465,0.8188863264557672,2.8878170740401514
98.19816589355469,0.1933333333333333,1,1,0.4549680171928044,1.3299999999999998,0.9481399887604142,2.919646879250631
98.69816589355469,0.9666666666666667,1.75,1,0.4641054930762661,1.3374999999999997,0.9644722460641134,2.9518624589937117
99.19816589355469,0.3222222222222222,1,1,0.4261844869167302,1.1725849056603777,0.8144899658070743,2.97336331828092
100.19816589355469,0.48333333333333334,1,1,0.42724279888740796,1.169388888888889,0.8137746838758521,2.994344469764153
100.69816589355469,0.9666666666666667,1.75,1,0.4703240776062033,1.3387931034482754,0.9731553103457721,3.02526389794144
101.19816589355469,0.48333333333333334,1,1,0.42826262678642485,1.1663090909090912,0.8130823599701326,3.0451911050584237
101.69816589355469,0.9666666666666667,1,1,0.43787698464142916,1.163339285714286,0.8225334895224963,3.065297592633706
102.19816589355469,0.9666666666666667,1.75,1,0.4788132750193299,1.3399999999999996,0.9846475910812376,3.0952195710953245
103.19816589355469,0.3222222222222222,1,1,0.43584795372179397,1.1604736842105263,0.8183833174930776,3.1141266579063984
104.19816589355469,0.24166666666666667,1,1,0.4749256257020731,1.3344262295081963,0.9761241979944155,3.1424010757420695
105.19816589355469,0.48333333333333334,1.75,1,0.4750612338896741,1.3411290322580642,0.9806484224829559,3.170375457978351
106.19816589355469,0.1611111111111111,1,1,0.4311111116078166,1.1577068965517243,0.8111330317290733,3.187511041133868
107.19816589355469,0.24166666666666667,1,1,0.4713565582194677,1.3357142857142854,0.9724645058484859,3.213983801073438
108.19816589355469,0.24166666666666667,1,1,0.42790018881220393,1.1550338983050847,0.8057362905970753,3.23002770149432
108.69816589355469,0.9666666666666667,1,1,0.4368796301097784,1.1524500000000002,0.8146301376369223,3.24628018310537
109.19816589355469,0.24166666666666667,1.75,1,0.4677676536639552,1.3421874999999994,0.9721207562028187,3.2713912933394638
109.69816589355469,0.48333333333333334,1,1,0.43764116622819726,1.1499508196721313,0.8139731325729977,3.286895596244257
110.19816589355469,0.9666666666666667,1,1,0.44617383559010804,1.1475322580645162,0.8224083722818707,3.302586592791371
110.69816589355469,0.3222222222222222,1,1,0.4655284931802362,1.3369230769230764,0.9658966742059331,3.3261035121540523
111.19816589355469,0.48333333333333334,1.6,1,0.44676366888761954,1.1547142857142858,0.8275700033664857,3.3414242271825088
112.19816589355469,0.48333333333333334,1,1,0.4473350698945839,1.152296875,0.8267295813909229,3.3564145351562407
116.19816589355469,0.12083333333333333,1,1,0.44231196625518004,1.149953846153846,0.8194171594525449,3.3707272729687086
117.19816589355469,0.09666666666666665,1.75,1,0.4578841932179738,1.349253731343283,0.9641424421776635,3.3926738855150473
117.69816589355469,0.9666666666666667,1,1,0.46536628841574873,1.344117647058823,0.9703285350789048,3.4145594470011584
118.69816589355469,0.1933333333333333,1.75,1.5,0.43853956272606115,1.1723030303030304,0.8288673315385298,3.4284759161282126
119.19816589355469,0.3222222222222222,1.6,1,0.4632917367317846,1.3478260869565213,0.9700889865250194,3.4496445710222106
120.19816589355469,0.3222222222222222,1.75,1.2,0.4368034830170486,1.1861492537313432,0.8354050519759534,3.4633532178716284
121.19816589355469,0.48333333333333334,1,1,0.4374877455216999,1.1834117647058822,0.8345170911921818,3.4767771250827715
122.19816589355469,0.48333333333333334,1,1,0.43815217433056414,1.1807536231884055,0.8336533427518429,3.4899249089743956
123.19816589355469,0.48333333333333334,1,1,0.4387976194591751,1.1781714285714282,0.8328128461661979,3.5028048420344193
124.19816589355469,0.48333333333333334,1,1,0.4394248830348675,1.1756619718309855,0.8319946901151403,3.5154248699891353
125.69816589355469,0.3222222222222222,1.6,1,0.4377970683013585,1.1815555555555552,0.8337312704720428,3.527920355307145
126.19816589355469,0.9666666666666667,1.75,1.2,0.4450418573200613,1.1941369863013698,0.8501525033402165,3.5410286441799297
127.19816589355469,0.48333333333333334,1,1,0.445559309698619,1.1915135135135133,0.8491268166253552,3.5538694066226753
128.1981658935547,0.48333333333333334,1.6,1,0.4460629633470818,1.1969599999999998,0.853132128530357,3.5666966473157857
129.1981658935547,0.48333333333333334,1,1,0.4465533629521641,1.1943684210526313,0.8520930980946212,3.5792646305779967
130.1981658935547,0.48333333333333334,1,1,0.4470310249051663,1.1918441558441555,0.8510801583546408,3.5915808912195275
130.6981658935547,0.9666666666666667,1,1,0.4611892763498388,1.3679870129870124,0.9803862500766968,3.609906784093453
131.1981658935547,0.48333333333333334,1,1,0.44749643911578374,1.189384615384615,0.8500923475439252,3.6217373182297234
131.6981658935547,0.9666666666666667,1.6,1,0.4540682141480734,1.1945822784810123,0.8611540919872697,3.6339041468414868
132.1981658935547,0.9666666666666667,1,1,0.46047569480455586,1.1921499999999996,0.8672233262174024,3.646165364110728
133.1981658935547,0.48333333333333334,1,1,0.45971050423409043,1.3681645569620247,0.9786074807161689,3.692037589769299
134.1981658935547,0.24166666666666667,1.75,1.5,0.45777434877816214,1.209839506172839,0.8752026165311267,3.7327303085920844
135.1981658935547,0.48333333333333334,1,1,0.45808604371176176,1.2072804878048777,0.8739556444523239,3.773696979425787
136.1981658935547,0.48333333333333334,1.3,1.2,0.4583902279240699,1.2115301204819273,0.877009272372485,3.8144743852411365
137.1981658935547,0.48333333333333334,1.6,1,0.4586871696551325,1.2161547619047617,0.8802943707251017,3.855206896769677
137.6981658935547,0.9666666666666667,1,1,0.4646633990317388,1.2136117647058822,0.8858372080350286,3.8958293397152195
138.1981658935547,0.24166666666666667,1,1,0.4579373072428892,1.4087349397590356,1.0024094379051927,3.9422639195999727
138.6981658935547,0.9666666666666667,1.75,1,0.46399360914079135,1.4127976190476186,1.0129279936345161,3.9886325066425243
139.1981658935547,0.9666666666666667,1,1,0.4699074098175664,1.4079411764705878,1.017476456098788,4.035117833356828
140.1981658935547,0.1933333333333333,1,1,0.4615083982678039,1.2111279069767438,0.8804836232512883,4.074883182472
141.1981658935547,0.48333333333333334,1.3,3.0,0.4617592595903962,1.2420344827586205,0.9004386806739691,4.114865479839114
142.1981658935547,0.48333333333333334,1.3,1.2,0.4620044195192932,1.245647727272727,0.9030380345336037,4.154436144197146
143.1981658935547,0.48333333333333334,1.6,1,0.4622440702363049,1.2496292134831457,0.905867228231828,4.1952584668288955
144.1981658935547,0.48333333333333334,1,1,0.4624783953818274,1.2468555555555552,0.9043833527243739,4.23550467928506
148.1981658935547,0.12083333333333333,1.3,2.25,0.46394033149436825,1.406666666666666,1.0088918170966004,4.279453535973907
149.1981658935547,0.09666666666666665,1,1,0.4584584862750674,1.2441428571428568,0.897777641338194,4.318987951723318
149.6981658935547,0.9666666666666667,1,1,0.4639824882358457,1.2414891304347824,0.9027846055885855,4.357411564852729
150.6981658935547,0.1933333333333333,1,1,0.4609666282178734,1.4021978021978017,1.0021399311317742,4.40126821406975
151.1981658935547,0.3222222222222222,1,1,0.46245818430021535,1.238892473118279,0.8992835270877736,4.43970297192066
152.1981658935547,0.48333333333333334,1.3,1,0.4626802603537591,1.2395425531914888,0.8999665167744847,4.476422465084631
153.1981658935547,0.48333333333333334,1,1,0.4628976611219652,1.2370210526315784,0.8986227282809858,4.514195907532779
154.1981658935547,0.48333333333333334,1,1,0.46311053270750024,1.2345520833333328,0.8973067698531092,4.549243089726551
155.1981658935547,0.48333333333333334,1.75,1.2,0.4602124777899863,1.4047368421052628,1.0027968869800363,4.591393828528134
156.1981658935547,0.24166666666666667,1,1,0.460827606253471,1.2321340206185563,0.8930115882572692,4.627486035904113
157.6981658935547,0.3222222222222222,1.6,1,0.4590282571711779,1.4025773195876283,0.9998657150258812,4.667422998732211
158.1981658935547,0.24166666666666667,1,1,0.45859127013523837,1.2297653061224485,0.8888095778652306,4.698561968133261
159.1981658935547,0.48333333333333334,1,1,0.45884118996552214,1.227444444444444,0.8876381527786334,4.732651191374213
160.1981658935547,0.48333333333333334,1,1,0.46459074278937584,1.4039999999999995,1.008011948986343,4.771780353989053
161.1981658935547,0.48333333333333334,1.6,1,0.4647763129927814,1.4059405940594054,1.0095090406123535,4.8051838644067955
162.1981658935547,0.1611111111111111,1,1,0.455863889176978,1.2251699999999994,0.8826123517725565,4.8376242286710465
162.6981658935547,0.9666666666666667,1,1,0.46092134241945026,1.2229405940594056,0.8872815142500673,4.861657299277743
163.1981658935547,0.48333333333333334,1,1,0.46513664348483097,1.4053398058252422,1.0095884519849947,4.899216478349591
163.6981658935547,0.9666666666666667,1.75,1,0.46995904755388707,1.4086538461538456,1.0180070041024056,4.935179338444533
164.1981658935547,0.3222222222222222,1,1,0.45956154712339903,1.220754901960784,0.8842601983024625,4.963608148118058
165.1981658935547,0.48333333333333334,1,1,0.4597923411642722,1.2186116504854365,0.8831774818688941,4.9899668578899075
166.1981658935547,0.48333333333333334,1.3,2.4,0.4600186968582055,1.2368942307692303,0.8950608075652002,5.009908095529506
167.1981658935547,0.48333333333333334,1.3,1.2,0.4602407410151115,1.2399714285714283,0.8972861610470532,5.035306478744026
168.1981658935547,0.48333333333333334,1,1,0.460458595659623,1.2377075471698111,0.8961099965779056,5.058130039375571
169.1981658935547,0.48333333333333334,1.6,1,0.4727896722838312,1.4355504587155958,1.0392353379448027,5.0826463854250745
169.6981658935547,0.9666666666666667,1.75,1,0.477279463141857,1.4384090909090903,1.047006827928706,5.104259948995711
170.1981658935547,0.24166666666666667,1,1,0.45841381127651126,1.235485981308411,0.8922259450356196,5.125856543263281
170.6981658935547,0.9666666666666667,1,1,0.46311985623382756,1.2333055555555552,0.8965238281845874,5.146202525507372
171.1981658935547,0.9666666666666667,1.3,1.44,0.4677395517423858,1.2391651376146786,0.9058479007551619,5.159479523151853
172.1981658935547,0.48333333333333334,1.3,2,0.46788131339321254,1.2515363636363632,0.9139409238511567,5.170530966114111
173.1981658935547,0.48333333333333334,1.75,1.5,0.4747982822524191,1.4595982142857138,1.0576192368919575,5.197209135859062
174.1981658935547,0.24166666666666667,1,1,0.46584334360288326,1.2492702702702698,0.9100128003361555,5.214671754873047
175.1981658935547,0.48333333333333334,1,1,0.47494801999068076,1.4567982456140345,1.0559831512526692,5.230409831642486
176.1981658935547,0.24166666666666667,1,1,0.4638417661302385,1.2470446428571424,0.9061594468607459,5.236442347480507
177.1981658935547,0.48333333333333334,1,1,0.46401425787539863,1.2448584070796456,0.9049732961896865,5.252524090740618
178.1981658935547,0.48333333333333334,1,1,0.4641837234495911,1.2427105263157892,0.9038078618412908,5.266984824220755
188.1981658935547,0.048333333333333325,1.6,1,0.46056763310075405,1.2458173913043473,0.901402144906964,5.2797390226461545
189.1981658935547,0.48333333333333334,1,1,0.46076388913724187,1.2436982758620685,0.9002913860181091,5.280108401599517
190.1981658935547,0.04027777777777777,1,1,0.47147755980267275,1.454025423728813,1.0495705649904545,5.298187194133895
190.6981658935547,0.9666666666666667,1.75,1,0.47563881280152986,1.4565126050420165,1.0567113178545846,5.314119502820173
191.1981658935547,0.9666666666666667,1,1,0.4797307115837394,1.452708333333333,1.0596278578715017,5.321781295329875
191.6981658935547,0.9666666666666667,1.75,1,0.48375497567533393,1.455165289256198,1.0665654544589114,5.33835160661477
192.1981658935547,0.1611111111111111,1.6,1,0.45820275428231766,1.2467435897435895,0.8991195594648478,5.338746438879525
193.1981658935547,0.3222222222222222,1.75,1.2,0.4824309367126035,1.4604508196721306,1.0683003974073415,5.355693515284685
194.1981658935547,0.48333333333333334,1.75,1.2,0.48243827327049565,1.4656504065040645,1.0717399756810422,5.36441766967062
195.1981658935547,0.1611111111111111,1,1,0.4556850284927312,1.2446525423728811,0.8947354170124464,5.37305088236405
195.6981658935547,0.3222222222222222,1,1,0.481146208342687,1.4618951612903222,1.0675494084182393,5.389690332736525
196.1981658935547,0.48333333333333334,1,1,0.45591736718887066,1.2425966386554617,0.8937140766229928,5.390015336016649
196.6981658935547,0.9666666666666667,1,1,0.4601736113511857,1.2405749999999995,0.8975887447008674,5.398164435489395
197.1981658935547,0.9666666666666667,1,1,0.46435950437032186,1.2385867768595034,0.9013891172682725,5.406418959801091
197.6981658935547,0.9666666666666667,1,1,0.46847677619242306,1.2366311475409828,0.9051176869194454,5.4066545269801125
198.1981658935547,0.1933333333333333,1,1,0.47884370534261217,1.4581999999999995,1.062065291843409,5.422714604014601
198.6981658935547,0.9666666666666667,1.75,1,0.4827153161467713,1.4605158730158727,1.0687201213466044,5.439457485468805
199.1981658935547,0.9666666666666667,1,1,0.48652595670204607,1.456889763779527,1.0713679138013052,5.455595333144586
199.6981658935547,0.9666666666666667,1.75,1,0.4902770559986447,1.4591796874999996,1.0778447068172439,5.471348579615256
200.1981658935547,0.9666666666666667,1,1,0.49782913933197803,1.4591796874999996,1.087823232541852,5.486918182997568
201.1981658935547,0.13809523809523808,1,1,0.46579074742740534,1.23470731707317,0.9006427903822857,5.487702842292094
202.1981658935547,0.48333333333333334,1.6,1,0.46593221989438866,1.2376532258064512,0.9026952795343969,5.4875803241421215
203.1981658935547,0.48333333333333334,1,1,0.4660714288019002,1.2357519999999995,0.9016490420258476,5.486907738807222
204.1981658935547,0.48333333333333334,1,1,0.5061783854166669,1.4603515624999996,1.0996275807021156,5.494585431723179
205.1981658935547,0.48333333333333334,1.6,1,0.5074370659722224,1.4603515624999996,1.1012878843222798,5.511120842807521
206.1981658935547,0.1611111111111111,1,1,0.46365110882022725,1.233880952380952,0.8975318702389701,5.517704049038258
207.1981658935547,0.48333333333333334,1,1,0.4638060869659998,1.2320393700787398,0.896545120971494,5.523855980274215
208.1981658935547,0.48333333333333334,1,1,0.46395864357824457,1.2302265624999995,0.8955737127111587,5.528981378841369
209.1981658935547,0.48333333333333334,1,1,0.4677346852449113,1.2302265624999995,0.900125279188633,5.5338879195192305
210.1981658935547,0.48333333333333334,1,1,0.5182617187500003,1.4662109374999996,1.1195304591151312,5.543073932699181
210.6981658935547,0.9666666666666667,1.75,1,0.5232964409722225,1.4720703124999996,1.1301671296845717,5.552336866084602
211.1981658935547,0.24166666666666667,1,1,0.4677346852449113,1.2255390624999996,0.8971294424659161,5.550275195900564
211.6981658935547,0.9666666666666667,1,1,0.47465742830046687,1.2255390624999996,0.9054556790888543,5.547804634137361
212.1981658935547,0.3222222222222222,1,1,0.5239257812500003,1.4720703124999996,1.1309991829454433,5.563962318153468
212.6981658935547,0.48333333333333334,1,1,0.47654544913380015,1.2255390624999996,0.9077262176510197,5.569121148164823
213.1981658935547,0.48333333333333334,1.75,1,0.5258138020833337,1.4732421874999997,1.1342952556419383,5.584391931028408
213.6981658935547,0.48333333333333334,1,1,0.4793774801587305,1.2255390624999996,0.9111319102577082,5.588715942769124
214.1981658935547,0.9666666666666667,1,1,0.48630022321428606,1.2208515624999996,0.9164192095154319,5.587229031242015
215.1981658935547,0.48333333333333334,1,1,0.4881882440476194,1.2208515624999996,0.9186854257831686,5.585082774041346
216.1981658935547,0.48333333333333334,1.3,1.2,0.4910202752976195,1.2252265624999996,0.9249298978891344,5.590259645857692
217.1981658935547,0.48333333333333334,1.3,1.44,0.5352539062500004,1.4792343749999999,1.1508935451545108,5.60606209248013
218.1981658935547,0.24166666666666667,1.3,3.0,0.4910202752976195,1.2478828124999994,0.9396849800557485,5.6044931707477845
220.1981658935547,0.24166666666666667,1,1,0.4910202752976195,1.2478828124999994,0.9396849800557485,5.610427668564297
220.6981658935547,0.9666666666666667,1.75,1,0.5346245659722225,1.5018906249999997,1.165653350487384,5.6265114120470265
221.1981658935547,0.9666666666666667,1,1,0.5384006076388892,1.5018906249999997,1.170694675886376,5.635232369147267
221.6981658935547,0.9666666666666667,1.75,1,0.5440646701388892,1.5018906249999997,1.1782529120883807,5.652101256393922
222.1981658935547,0.24166666666666667,1,1,0.4910202752976195,1.2478828124999994,0.9396849800557485,5.650393168053046
222.6981658935547,0.9666666666666667,1,1,0.49762834821428614,1.2478828124999994,0.9477036869814705,5.648848883576414
223.1981658935547,0.9666666666666667,1,1,0.5032924107142862,1.2431953124999995,0.9514943146523901,5.655428318713445
223.6981658935547,0.9666666666666667,1,1,0.5089564732142862,1.2346015624999995,0.9526860626240572,5.6545012041873
224.1981658935547,0.9666666666666667,1,1,0.5155645461309528,1.2346015624999995,0.9606691373924141,5.6617636813808305
224.6981658935547,0.3222222222222222,1.75,1,0.5434353298611115,1.4950546875,1.172675912362854,5.678547077071109
225.1981658935547,0.9666666666666667,1,1,0.5434353298611114,1.4864609375,1.1667239082547718,5.687669099823545
225.6981658935547,0.9666666666666667,1.75,1,0.5490993923611115,1.4864609375,1.1742361131006591,5.7045564270357785
226.1981658935547,0.24166666666666667,1,1,0.5165085565476194,1.2346015624999995,0.9618098789732336,5.711090872661936
227.1981658935547,0.48333333333333334,1,1,0.5183965773809528,1.2346015624999995,0.9640916123761265,5.711006260388664
228.1981658935547,0.48333333333333334,1,1,0.5202845982142862,1.2346015624999995,0.9663736948751419,5.717512683428131
229.1981658935547,0.48333333333333334,1,1,0.5165085565476195,1.2346015624999995,0.9618098789732339,5.723844572377303
229.6981658935547,0.9666666666666667,1,1,0.5202845982142862,1.2346015624999995,0.9663736948751419,5.730733159975237
230.1981658935547,0.9666666666666667,1,1,0.5202845982142862,1.2346015624999995,0.9663736948751419,5.730837749945432
230.6981658935547,0.1933333333333333,1.75,1,0.5443164062500003,1.4817734374999998,1.164645845104839,5.739946373852898
231.1981658935547,0.9666666666666667,1,1,0.548092447916667,1.4817734374999998,1.169645441146284,5.755920347740761
231.6981658935547,0.9666666666666667,1.75,1,0.5518684895833337,1.4817734374999998,1.1746437167477342,5.765508850719951
232.1981658935547,0.24166666666666667,1,1,0.5196552579365084,1.2277890624999996,0.9610885257365813,5.771400263552479
233.1981658935547,0.48333333333333334,1,1,0.5158792162698417,1.2231015624999997,0.9534334301242567,5.776974466939921
234.1981658935547,0.48333333333333334,1,1,0.5177672371031751,1.2231015624999997,0.955705315670048,5.782695653170462
235.1981658935547,0.48333333333333334,1,1,0.5177672371031751,1.2231015624999997,0.955705315670048,5.788456237678455
236.1981658935547,0.48333333333333334,1,1,0.5531271701388893,1.4876328124999996,1.1803931222317168,5.804787414183919
236.6981658935547,0.3222222222222222,1,1,0.5177672371031751,1.2231015624999997,0.955705315670048,5.810504947552576
237.1981658935547,0.9666666666666667,1,1,0.5177672371031751,1.2231015624999997,0.955705315670048,5.8154527356305366
237.6981658935547,0.9666666666666667,1,1,0.523431299603175,1.2231015624999997,0.9625233967547274,5.8207682003241015
238.1981658935547,0.24166666666666667,1.75,1,0.551239149305556,1.4934921874999996,1.1819692940973787,5.836182442460055
238.6981658935547,0.48333333333333334,1,1,0.523431299603175,1.2231015624999997,0.9625233967547274,5.841358862709747
239.1981658935547,0.9666666666666667,1,1,0.5272073412698417,1.2231015624999997,0.9670709848050858,5.846795932699612
240.1981658935547,0.48333333333333334,1,1,0.5272073412698416,1.2231015624999997,0.9670709848050857,5.846171779640006
241.1981658935547,0.48333333333333334,1,1,0.5234312996031749,1.2231015624999997,0.9625233967547274,5.851441985071762
242.1981658935547,0.48333333333333334,1,1,0.5246899801587305,1.2231015624999997,0.964039054138616,5.856264717672606
243.1981658935547,0.48333333333333334,1,1,0.5265780009920639,1.2231015624999997,0.9663129235184241,5.860909542546092
244.1981658935547,0.48333333333333334,1,1,0.548721788194445,1.4934921874999996,1.1786229438074858,5.870285267378497
244.6981658935547,0.3222222222222222,1.75,1.2,0.5272073412698417,1.2270078124999997,0.9696762624233938,5.874713719529698
245.1981658935547,0.9666666666666667,1.75,1.5,0.5309833829365084,1.2397031249999997,0.9827290548436692,5.879812473141793
245.6981658935547,0.9666666666666667,1.75,1,0.5347594246031749,1.2408749999999997,0.9880945402366311,5.885019595072924
246.1981658935547,0.24166666666666667,1.3,2.4,0.5498546006944449,1.5100546874999998,1.191661601974939,5.899614934037761
247.1981658935547,0.3222222222222222,1,1,0.5335007440476195,1.2408749999999997,0.9865675115353831,5.90433666701434
247.6981658935547,0.9666666666666667,1,1,0.5391648065476194,1.2408749999999997,0.9934408433264053,5.90391626414346
248.6981658935547,0.48333333333333334,1,1,0.5410438368055561,1.5100546874999998,1.1798738599565806,5.911741851627307
249.1981658935547,0.3222222222222222,1,1,0.5404234871031751,1.2408749999999997,0.9949688656562793,5.910686808325314
249.6981658935547,0.9666666666666667,1,1,0.5404234871031751,1.2408749999999997,0.9949688656562793,5.916053304063047
252.1981658935547,0.1933333333333333,1,1,0.5343818204365084,1.2408749999999997,0.9876364095966559,5.920140697606298
254.1981658935547,0.24166666666666667,1,1,0.5287177579365083,1.2408749999999997,0.9807666458604832,5.923784226262245
256.19818115234375,0.24166482291038835,1,1,0.5290953476988292,1.2408749999999995,0.9812244894159493,5.927316597880251
258.19818115234375,0.24166666666666667,1,1,0.5272073268654958,1.2361874999999996,0.9758037182600405,5.930664427514735
258.69818115234375,0.9666666666666667,1,1,0.5309833685321624,1.2314999999999996,0.9772371691454896,5.929180615892026
260.19818115234375,0.3222222222222222,1,1,0.529724687976607,1.2188046874999996,0.9672347813916125,5.9324364193320305
262.19818115234375,0.24166666666666667,1,1,0.5278366671432736,1.2129453124999996,0.9610587245781745,5.935168018659667
264.19818115234375,0.24166666666666667,1,1,0.5287806775599402,1.2129453124999996,0.9621918639820114,5.933295453012022
265.19818115234375,0.48333333333333334,1,1,0.5250046358932735,1.2129453124999996,0.9576600924484975,5.936031854513305
266.19818115234375,0.48333333333333334,1,1,0.5212285942266068,1.2129453124999996,0.953130335718029,5.938523908526284
266.69818115234375,0.9666666666666667,1.6,1,0.5205902633734322,1.5194296874999995,1.1588600889793597,5.950722534809021
268.19818115234375,0.24166666666666667,1,1,0.5155645317266069,1.2129453124999996,0.9463391682994838,5.953020928486195
269.19818115234375,0.48333333333333334,1,1,0.5168232122821624,1.2129453124999996,0.9478479772124749,5.95044519834084
270.19818115234375,0.48333333333333334,1,1,0.5168232122821624,1.2129453124999996,0.9478479772124749,5.9530156540731145
271.19818115234375,0.48333333333333334,1,1,0.5168232122821624,1.2129453124999996,0.9478479772124749,5.950577322613112
272.19818115234375,0.48333333333333334,1,1,0.5130471706154958,1.2129453124999996,0.9433220971339827,5.953132596953835
273.19818115234375,0.48333333333333334,1,1,0.5143058511710513,1.2129453124999996,0.9448305434262345,5.955813490265441
274.19818115234375,0.48333333333333334,1,1,0.5168232122821623,1.2129453124999996,0.9478479772124748,5.95299330408854
275.19818115234375,0.48333333333333334,1.6,1,0.5187112331154957,1.2176328124999996,0.9532165564772359,5.950354593894707
276.19818115234375,0.48333333333333334,1,1,0.5229817564289877,1.5018515624999997,1.1500680163386892,5.962891578171244
276.69818115234375,0.3222222222222222,1,1,0.5136765108932735,1.2176328124999996,0.9471708111856305,5.965698888965099
277.19818115234375,0.48333333333333334,1.75,1,0.5242404369845433,1.5030234374999998,1.1525522849504752,5.972400318635357
277.69818115234375,0.48333333333333334,1,1,0.5136765108932735,1.2176328124999996,0.9471708111856305,5.969079872092383
278.19818115234375,0.48333333333333334,1,1,0.5242404369845433,1.4879843749999997,1.1422764160315606,5.981174382298434
278.69818115234375,0.48333333333333334,1,1,0.5099004692266069,1.2176328124999996,0.9426382729950363,5.983961606882472
279.19818115234375,0.48333333333333334,1.75,1,0.5242404369845433,1.4894687499999997,1.1432901528176012,5.995597357441177
279.69818115234375,0.48333333333333334,1,1,0.5099004692266068,1.2129453124999996,0.9395517265549709,5.9975785558243615
280.19818115234375,0.48333333333333334,1.75,1.44,0.5242404369845433,1.4954843749999995,1.147399591611889,6.00935775559158
284.19818115234375,0.10740740740740741,1,1,0.5069635479303105,1.2129453124999996,0.9360336133831947,6.004520174752752
285.19818115234375,0.09666666666666665,1.75,1,0.5231076244845434,1.5013437499999998,1.1498895067292256,6.009342800321528
285.69818115234375,0.9666666666666667,1,1,0.5287716869845434,1.5013437499999998,1.157459787227236,6.02177563667426
286.69818115234375,0.1933333333333333,1.75,1.5,0.5075299541803105,1.2256406249999996,0.9450618354403424,6.024050855764372
287.19818115234375,0.3222222222222222,1.6,1,0.5275130064289878,1.4974374999999995,1.1531016874483266,6.035640877015614
288.19818115234375,0.3222222222222222,1.75,1.2,0.508536898624755,1.2215390624999996,0.9435729190405281,6.0370298767901165
289.19818115234375,0.48333333333333334,1,1,0.5097955791803106,1.2129453124999998,0.9394260651555035,6.03148957186497
290.19818115234375,0.48333333333333334,1,1,0.5097955791803106,1.2129453124999998,0.9394260651555035,6.032868318653376
291.19818115234375,0.48333333333333334,1,1,0.5097955791803106,1.2129453124999998,0.9394260651555035,6.0274047052425725
292.19818115234375,0.48333333333333334,1,1,0.5097955791803106,1.2129453124999998,0.9394260651555035,6.0289640779751394
293.69818115234375,0.3222222222222222,1.6,1,0.508536898624755,1.2176328124999998,0.9410018630581911,6.030652917047101
294.19818115234375,0.9666666666666667,1.75,1.2,0.5135716208469773,1.2215390624999998,0.9496248404584243,6.032800587919779
295.19818115234375,0.48333333333333334,1,1,0.5097955791803106,1.2129453124999998,0.9394260651555035,6.03458295918143
296.19818115234375,0.48333333333333334,1.6,1,0.5097955791803106,1.2176328124999998,0.9425123891433781,6.036562068702926
297.19818115234375,0.48333333333333334,1,1,0.5097955791803106,1.2129453125,0.9394260651555036,6.031399045273164
298.19818115234375,0.48333333333333334,1,1,0.5097955791803106,1.2129453125,0.9394260651555036,6.025901299052894
298.69818115234375,0.9666666666666667,1,1,0.5268836661512101,1.4876328124999998,1.1455509170538873,6.02992894245207
299.19818115234375,0.48333333333333334,1,1,0.5097955791803106,1.2129453125,0.9394260651555036,6.023969283578471
299.69818115234375,0.9666666666666667,1.6,1,0.5135716208469773,1.2176328125,0.9470448877632301,6.026215783342458
300.19818115234375,0.9666666666666667,1,1,0.5135716208469772,1.2129453125,0.9439505950714411,6.020386886357963
301.19818115234375,0.48333333333333334,1,1,0.5180729022623211,1.4876328124999998,1.1338308861255257,6.023297397785049
302.19818115234375,0.24166666666666667,1.75,1.5,0.5079075583469771,1.225640625,0.9455163258289528,6.025677752885823
303.19818115234375,0.48333333333333334,1,1,0.5097955791803105,1.2129453125,0.9394260651555035,6.019671971170381
304.19818115234375,0.48333333333333334,1.3,1.2,0.5097955791803105,1.2173203125,0.9423065788706638,6.0219497447132415
305.19818115234375,0.48333333333333334,1.6,1,0.5097955791803105,1.2176328125,0.9425123891433781,6.024055540546485
305.69818115234375,0.9666666666666667,1,1,0.5135716208469772,1.2129453125,0.9439505950714411,6.026050609818508
306.19818115234375,0.24166666666666667,1,1,0.5180729022623211,1.5254453124999998,1.159567837098617,6.037977960608158
306.69818115234375,0.9666666666666667,1.75,1,0.5246809751789877,1.5162656249999997,1.1622019157049452,6.042671864851668
307.19818115234375,0.9666666666666667,1,1,0.5307226418456545,1.5162656249999997,1.1703207958196251,6.0474343964675885
308.19818115234375,0.1933333333333333,1,1,0.5075299541803104,1.2129453125,0.9367120425294655,6.041122402501722
309.19818115234375,0.48333333333333334,1.3,3.0,0.5097955791803105,1.2356015624999999,0.954359568318338,6.035334036634586
310.19818115234375,0.48333333333333334,1.3,1.2,0.5097955791803105,1.2173203124999998,0.9423065788706638,6.028512943493749
311.19818115234375,0.48333333333333334,1.6,1,0.5097955791803105,1.2176328125,0.9425123891433781,6.030475580935675
312.19818115234375,0.48333333333333334,1,1,0.5097955791803106,1.2129453125,0.9394260651555036,6.032197336511665
316.19818115234375,0.12083333333333333,1.3,2.25,0.5272612703178767,1.5168515624999996,1.1660720792655086,6.044592166382274
317.19818115234375,0.09666666666666665,1,1,0.5067747458469772,1.2129453125,0.9358074769315096,6.036913099018027
317.69818115234375,0.9666666666666667,1,1,0.5135716208469773,1.2129453125,0.9439505950714413,6.029537913584393
318.69818115234375,0.1933333333333333,1,1,0.5262543258734323,1.5121640624999997,1.16150636991026,6.041911718256485
319.19818115234375,0.3222222222222222,1,1,0.508536898624755,1.2129453125,0.9379182134135996,6.043851081964709
320.19818115234375,0.48333333333333334,1.3,1,0.5097955791803106,1.2152890625000001,0.9409690044844204,6.045978986266583
321.19818115234375,0.48333333333333334,1,1,0.5097955791803106,1.2129453125,0.9394260651555036,6.047821210608779
322.19818115234375,0.48333333333333334,1,1,0.5097955791803105,1.2129453125,0.9394260651555035,6.039378817141921
323.19818115234375,0.48333333333333334,1.75,1.2,0.5212196036512102,1.5113828125,1.1542140796085172,6.040506017919607
324.19818115234375,0.24166666666666667,1,1,0.5079075583469772,1.2129453125,0.9371643453112184,6.0423826539904795
325.69818115234375,0.3222222222222222,1.6,1,0.5199609230956546,1.5102109374999997,1.1517249925394182,6.053926528058474
326.19818115234375,0.24166666666666667,1,1,0.5079075583469772,1.2129453125,0.9371643453112184,6.044840520044371
327.19818115234375,0.48333333333333334,1,1,0.5097955791803106,1.2129453125,0.9394260651555036,6.046326450396142
328.19818115234375,0.48333333333333334,1,1,0.5180729022623213,1.5022031249999999,1.143740008620587,6.046769173192017
329.19818115234375,0.48333333333333334,1.6,1,0.5180729022623213,1.4900937499999996,1.1355038159435757,6.057286606271042
330.19818115234375,0.1611111111111111,1,1,0.5072782180691995,1.2129453125,0.936410514780482,6.058223698705341
330.69818115234375,0.9666666666666667,1,1,0.5135716208469773,1.2129453125,0.9439505950714413,6.05940800351573
331.19818115234375,0.48333333333333334,1,1,0.5180729022623213,1.4865781249999996,1.1331140077516206,6.069166633665533
331.69818115234375,0.9666666666666667,1.75,1,0.5180729022623213,1.4865781249999996,1.1331140077516206,6.068333217849773
332.19818115234375,0.3222222222222222,1,1,0.508536898624755,1.2129453125,0.9379182134135996,6.0682504006634215
333.19818115234375,0.48333333333333334,1,1,0.5097955791803107,1.2129453125,0.9394260651555038,6.068238264027474
334.19818115234375,0.48333333333333334,1.3,2.4,0.5097955791803106,1.2295078125,0.9503389704057271,6.058145402461147
335.19818115234375,0.48333333333333334,1.3,1.2,0.5097955791803106,1.2173203125,0.9423065788706642,6.047439710413535
336.19818115234375,0.48333333333333334,1,1,0.5097955791803106,1.2129453125,0.9394260651555036,6.036244701963556
337.19818115234375,0.48333333333333334,1.6,1,0.5222265480956546,1.4895078124999999,1.140636334264739,6.0456642966921015
337.69818115234375,0.9666666666666667,1.75,1,0.5260025897623213,1.4953671874999999,1.149669616890241,6.055131449656578
338.19818115234375,0.24166666666666667,1,1,0.5079075583469772,1.2129453125,0.9371643453112184,6.054459732343709
338.69818115234375,0.9666666666666667,1,1,0.5135716208469774,1.2129453125,0.9439505950714414,6.054050257302181
339.19818115234375,0.9666666666666667,1.3,1.44,0.5135716208469774,1.2197578124999997,0.9484482276740496,6.053477402159132
340.19818115234375,0.48333333333333334,1.3,2,0.5097955791803106,1.2254453124999998,0.9476601930044853,6.042929790314209
341.19818115234375,0.48333333333333334,1.75,1.5,0.5271983362900992,1.5148984374999994,1.1646480439246567,6.042832484173735
342.19818115234375,0.24166666666666667,1,1,0.5079075583469773,1.2129453124999998,0.9371643453112184,6.031719745058604
343.19818115234375,0.48333333333333334,1,1,0.5196462529567658,1.5137265624999996,1.1536993048471793,6.040714561896446
344.19818115234375,0.24166666666666667,1,1,0.5079075583469773,1.2129453124999998,0.9371643453112184,6.039452346252778
345.19818115234375,0.48333333333333334,1,1,0.5097955791803107,1.2129453124999998,0.9394260651555036,6.03818917610967
346.19818115234375,0.48333333333333334,1,1,0.5097955791803107,1.2129453124999998,0.9394260651555036,6.037139934836965
348.19818115234375,0.24166666666666667,1.6,1,0.5164995515678769,1.5070859374999999,1.1449528739624566,6.045510833856682
356.19818115234375,0.048333333333333325,1,1,0.5063971416803107,1.2129453124999998,0.9353552138085859,6.044056842556689
356.69818115234375,0.9666666666666667,1,1,0.5154611401095436,1.5012265624999999,1.1395802727092699,6.0428818938506454
364.19818115234375,0.06041666666666667,1,1,0.5064915427219774,1.2082578124999999,0.9323907603412415,6.031760580687909
364.69818115234375,0.9666666666666667,1,1,0.5102675843886441,1.2082578124999999,0.93690601917738,6.020616626114298
372.19818115234375,0.06444444444444444,1,1,0.5095123760553107,1.2035703125,0.9329207207647099,6.019296260256241
372.69818115234375,0.9666666666666667,1,1,0.5081526723676081,1.4953671874999999,1.1258359722347981,6.027377629417673
380.19818115234375,0.06444444444444444,1,1,0.5011040612564969,1.4953671874999999,1.1164050363725742,6.034910428825604
380.69818115234375,0.05686274509803921,1,1,0.5086979356958337,1.2035703125,0.9319485008369265,6.0337968281303
381.19818115234375,0.48333333333333334,1.75,1,0.5011040612564969,1.4953671874999999,1.1164050363725742,6.030797386605654
381.69818115234375,0.48333333333333334,1,1,0.5086979356958335,1.2035703125,0.9319485008369264,6.0296837859103505
382.19818115234375,0.48333333333333334,1,1,0.5011040612564969,1.4953671874999999,1.1164050363725742,6.037216585318282
382.69818115234375,0.48333333333333334,1,1,0.5049218940291669,1.2035703125,0.9274418528961138,6.035572137949908
383.19818115234375,0.48333333333333334,1.75,1,0.5011040612564969,1.4965390625,1.117191633651046,6.032535685116487
383.69818115234375,0.48333333333333334,1,1,0.5011458523625002,1.2035703125,0.9229366009316374,6.0306800540622785
384.19818115234375,0.48333333333333334,1,1,0.5011040612564969,1.4965390625,1.117191633651046,6.037716959476933
384.69818115234375,0.48333333333333334,1,1,0.4973698106958336,1.2035703125,0.9184325896198746,6.0354370347026265
385.19818115234375,0.48333333333333334,1.75,1,0.5011040612564969,1.4977109375,1.1179782930294968,6.042723982965505
385.69818115234375,0.48333333333333334,1,1,0.5000669833148811,1.2035703125,0.9216496208282382,6.040736978279082
386.19818115234375,0.48333333333333334,1,1,0.5011040612564969,1.4930234375,1.1148320286413518,6.047698811331719
386.69818115234375,0.48333333333333334,1,1,0.5000669833148812,1.1988828124999997,0.9185894184719205,6.035509739831614
387.19818115234375,0.48333333333333334,1.75,1,0.5011040612564969,1.4988828125,1.11876501437693,6.042498275079435
387.44818115234375,0.6444444444444444,1,1,0.5013256638704368,1.1988828124999997,0.9200881960743098,6.039561984824623
387.69818115234375,0.9666666666666667,1,1,0.5048801029231635,1.4941953125,1.1206699541172809,6.045776457350277
387.94818115234375,0.9666666666666667,1,1,0.5076190666482145,1.1988828124999997,0.9275844185051626,6.03339783937513
388.19818115234375,0.9666666666666667,1.75,1,0.5086561445898302,1.4941953125,1.1257179240787891,6.039920514963104
388.69818115234375,0.6444444444444444,1,1,0.5088777472037701,1.1988828124999997,0.9290841696737209,6.036903795885634
389.19818115234375,0.48333333333333334,1,1,0.5086561445898302,1.4941953125,1.1257179240787891,6.034365236391362
389.69818115234375,0.48333333333333334,1,1,0.50887774720377,1.1988828124999997,0.9290841696737205,6.031276891267181
390.19818115234375,0.48333333333333334,1.75,1,0.5048801029231635,1.4941953125,1.1206699541172809,6.03716912978879
390.69818115234375,0.48333333333333334,1,1,0.50887774720377,1.1988828124999997,0.9290841696737205,6.034424493542401
391.19818115234375,0.48333333333333334,1,1,0.5061387834787191,1.4941953125,1.122352988324066,6.0410613533453805
391.69818115234375,0.48333333333333334,1,1,0.5107657680371034,1.1988828124999997,0.9313341393882881,6.038722743187835
392.19818115234375,0.48333333333333334,1.75,1,0.5061387834787191,1.4941953125,1.122352988324066,6.045592240222085
392.69818115234375,0.48333333333333334,1,1,0.5069897263704367,1.1988828124999997,0.9268346094257622,6.043229620235223
393.19818115234375,0.48333333333333334,1,1,0.5061387834787191,1.4941953125,1.122352988324066,6.050500786185181
393.69818115234375,0.48333333333333334,1,1,0.5069897263704367,1.1988828124999997,0.9268346094257622,6.048896530787414
394.19818115234375,0.48333333333333334,1.75,1,0.5061387834787191,1.4941953125,1.122352988324066,6.056404083490946
394.69818115234375,0.48333333333333334,1,1,0.5069897263704367,1.1988828124999997,0.9268346094257622,6.0549591389742545
395.19818115234375,0.48333333333333334,1,1,0.5061387834787191,1.4776328125,1.1111991820873945,6.062368616147818
395.44818115234375,0.6444444444444444,1,1,0.5044723652593256,1.1988828124999997,0.9238358001060134,6.051351852606881
395.69818115234375,0.9666666666666667,1.75,1,0.5099148251453857,1.4766796874999997,1.1155698530620863,6.059284540955128
395.94818115234375,0.9666666666666667,1,1,0.5082484069259922,1.1988828124999997,0.9283342716884562,6.058369836008689
396.19818115234375,0.9666666666666667,1,1,0.5136908668120523,1.4540234374999996,1.1052551597619842,6.065748297690696
396.69818115234375,0.6444444444444444,1,1,0.5095070874815477,1.1945078124999997,0.9269608333076388,6.064769212820158
397.19818115234375,0.48333333333333334,1.75,1,0.5155788876453857,1.4598828124999996,1.111702990327124,6.0726620671885865
397.69818115234375,0.48333333333333334,1,1,0.5113951083148811,1.1718515624999997,0.914335168199321,6.071232596474825
398.19818115234375,0.48333333333333334,1,1,0.5118028459787191,1.4540234374999996,1.1027729629610765,6.0784947051817895
398.69818115234375,0.48333333333333334,1,1,0.5132831291482145,1.1718515624999997,0.9165632915218154,6.076776583387004
399.19818115234375,0.48333333333333334,1.75,1,0.5080268043120524,1.4598828124999996,1.1017501383730715,6.074511682857367
399.69818115234375,0.48333333333333334,1,1,0.5151711499815478,1.1718515624999997,0.918791985646691,6.07318142541023
400.19818115234375,0.48333333333333334,1,1,0.5042507626453857,1.4540234374999996,1.0928376941268292,6.070382303965371
400.69818115234375,0.48333333333333334,1,1,0.5113951083148811,1.1718515624999997,0.914335168199321,6.068843133200388
401.19818115234375,0.48333333333333334,1.75,1,0.5055094432009413,1.4598828124999996,1.0984301241487195,6.066787838268379
401.69818115234375,0.48333333333333334,1,1,0.5076190666482144,1.1718515624999997,0.9098805619738509,6.065252320564261
402.19818115234375,0.48333333333333334,1,1,0.5067681237564968,1.4540234374999996,1.0961506522891236,6.0630426564769895
402.69818115234375,0.48333333333333334,1,1,0.5038430249815478,1.1718515624999997,0.9054280212142598,6.0614431077891435
403.19818115234375,0.48333333333333334,1.75,1,0.5029920820898302,1.4598828124999996,1.0951088204713435,6.05899197789193
403.69818115234375,0.48333333333333334,1,1,0.5000669833148811,1.1718515624999997,0.9009773972683831,6.057348717761549
404.19818115234375,0.48333333333333334,1,1,0.49921604042316353,1.4540234374999996,1.0862078968628532,6.054363642299061
404.44818115234375,0.6444444444444444,1,1,0.50321368470377,1.1718515624999997,0.9046861215020716,6.042514876718195
404.69818115234375,0.9666666666666667,1.75,1,0.4992160404231635,1.4598828124999998,1.0901243254130952,6.049314680935668
404.94818115234375,0.9666666666666667,1,1,0.5069897263704367,1.1718515624999997,0.9091383323904374,6.037878898667328
405.19818115234375,0.9666666666666667,1,1,0.50299208208983,1.4598828124999998,1.0951088204713437,6.044982144046899
405.44818115234375,0.9666666666666667,1,1,0.5107657680371033,1.1718515624999997,0.9135925841722689,6.04377119962581
405.69818115234375,0.9666666666666667,1.75,1,0.5067681237564967,1.4657421874999998,1.1040316265254548,6.051487085315027
405.94818115234375,0.9666666666666667,1,1,0.5145418097037701,1.1718515624999997,0.9180490230816037,6.050485036467812
406.19818115234375,0.9666666666666667,1,1,0.5128097904231634,1.4598828124999998,1.1080548091540854,6.058389508842747
406.44818115234375,0.9666666666666667,1,1,0.5145418097037701,1.1718515624999997,0.9180490230816037,6.057313594468844
406.69818115234375,0.9666666666666667,1.75,1,0.5128097904231634,1.4657421874999998,1.112014485871199,6.064925609097568
406.94818115234375,0.9666666666666667,1,1,0.5145418097037701,1.1718515624999997,0.9180490230816037,6.063923560250354
407.19818115234375,0.9666666666666667,1,1,0.5128097904231634,1.4598828124999998,1.1080548091540854,6.071683361188356
407.44818115234375,0.9666666666666667,1,1,0.52020587220377,1.1718515624999997,0.924738095222107,6.070994862597727
407.69818115234375,0.9666666666666667,1.75,1,0.5128097904231634,1.4657421874999998,1.112014485871199,6.079084944818776
407.94818115234375,0.9666666666666667,1,1,0.5239819138704367,1.1718515624999997,0.9292006232417106,6.068943524796331
408.19818115234375,0.9666666666666667,1,1,0.51658583208983,1.4598828124999998,1.113029275878535,6.07708117529897
408.44818115234375,0.9666666666666667,1.6,1,0.5277579555371034,1.1765390624999996,0.9367718405298806,6.076599626209907
408.69818115234375,0.9666666666666667,1,1,0.5203618737564967,1.4598828124999998,1.1180013739890904,6.084758256471673
408.94818115234375,0.9666666666666667,1.6,1,0.53153399720377,1.1812265624999998,0.9443626457834294,6.075876932705636
409.19818115234375,0.9666666666666667,1.6,1,0.5241379154231633,1.4587109374999998,1.1221728130253146,6.084157705542966
409.44818115234375,0.9666666666666667,1,1,0.5365687194259924,1.1812265624999998,0.9503439586089504,6.084669481798597
409.69818115234375,0.9666666666666667,1.6,1,0.52791395708983,1.4633984375,1.130341634522546,6.0934836250322775
409.94818115234375,0.9666666666666667,1,1,0.5365687194259924,1.1812265624999998,0.9503439586089504,6.093850729850976
410.19818115234375,0.9666666666666667,1,1,0.5335780195898301,1.4575390625,1.1337797308874815,6.102748970592353
410.44818115234375,0.9666666666666667,1.6,1,0.5365687194259923,1.1859140624999995,0.9534712323817045,6.093088192246249
410.69818115234375,0.9666666666666667,1,1,0.5392420820898302,1.4575390625,1.1412180473587934,6.092104573417523
410.94818115234375,0.9666666666666667,1.6,1,0.540344761092659,1.1906015624999997,0.9611044808168322,6.082297558651767
411.19818115234375,0.9666666666666667,1.6,1,0.5430181237564967,1.4563671875,1.145366056505745,6.092078215556904
411.44818115234375,0.9666666666666667,1,1,0.540344761092659,1.1906015624999997,0.9611044808168322,6.092394383330273
411.69818115234375,0.9666666666666667,1.6,1,0.5467941654231633,1.4610546874999997,1.1535656185283456,6.102297150814226
411.94818115234375,0.9666666666666667,1,1,0.5441208027593257,1.1906015624999997,0.9656112836552249,6.103379911494468
420.19818115234375,0.05686274509803921,1,1,0.5434623639525751,1.4551953124999997,1.1451395773887,6.113022732380397
421.19818115234375,0.05225225225225225,1,1,0.5407529818133798,1.1906015624999997,0.9615915592614646,6.103437708005208
421.69818115234375,0.9666666666666667,1,1,0.5445290234800465,1.1906015624999997,0.9660986863579634,6.104857608447073
422.69818115234375,0.1933333333333333,1.75,1.5,0.541196738952575,1.4678906249999997,1.1509263247158583,6.114559595774155
423.19818115234375,0.3222222222222222,1.6,1,0.5432703429244908,1.1952890624999997,0.9677402840416227,6.105476810499065
424.19818115234375,0.48333333333333334,1.75,1,0.5445290234800464,1.1925546875,0.9674095501347828,6.106859216907871
425.19818115234375,0.48333333333333334,1.75,1.5,0.5407529818133797,1.1925546874999997,0.9628994323297783,6.107887205713121
426.19818115234375,0.48333333333333334,1,1,0.536976940146713,1.1866953124999997,0.9544787615889684,6.10859280085844
427.19818115234375,0.48333333333333334,1.75,1,0.5393087181192419,1.4681249999999997,1.1485996718235876,6.118397813671006
428.19818115234375,0.24166666666666667,1,1,0.5363475998689353,1.1866953124999997,0.9537293528108645,6.109000092102367
429.69818115234375,0.3222222222222222,1.6,1,0.5365396208970196,1.4728124999999999,1.1481748299219878,6.118891208568497
430.19818115234375,0.24166666666666667,1,1,0.5306835373689353,1.1866953124999997,0.9469881752409121,6.109294170257629
431.19818115234375,0.48333333333333334,1.3,1.7999999999999998,0.5319422179244907,1.1971640624999997,0.9554581374628337,6.110151691764736
432.19818115234375,0.48333333333333334,1.6,1,0.5459797394680322,1.4905468749999997,1.1729334064400965,6.121097348387449
433.19818115234375,0.48333333333333334,1,1,0.5478677603013656,1.4905468749999997,1.1754410730246008,6.122583335781387
434.19818115234375,0.1611111111111111,1,1,0.5256488151467129,1.1971640624999997,0.9479457270471103,6.1137915503643665
434.69818115234375,0.9666666666666667,1,1,0.5316904818133795,1.1971640624999997,0.9551575101814334,6.114670315773787
435.19818115234375,0.48333333333333334,1,1,0.5516438019680324,1.4905468749999997,1.180455331601706,6.125756475298643
435.69818115234375,0.9666666666666667,1.6,1,0.5554198436346991,1.489375,1.1846499389792708,6.128172222074939
436.19818115234375,0.3222222222222222,1,1,0.5323198220911574,1.1971640624999997,0.9559090994913924,6.119865742000242
437.19818115234375,0.48333333333333334,1,1,0.5342078573288366,1.1971640624999997,0.9581643111855553,6.120814777833301
438.19818115234375,0.48333333333333334,1.3,2.4,0.53609587816217,1.2137265624999998,0.9715005870048087,6.122318271044987
439.19818115234375,0.48333333333333334,1.6,1,0.5323198364955033,1.2184140624999997,0.9700962671927645,6.123244394331879
440.19818115234375,0.48333333333333334,1.75,1.2,0.5335785170510589,1.2270078124999997,0.977364407103215,6.12488773003028
441.19818115234375,0.48333333333333334,1.6,1,0.5547905033569213,1.50421875,1.1941819088377983,6.1368294102028855
441.69818115234375,0.9666666666666667,1.75,1,0.5585665450235878,1.50421875,1.1992184455253538,6.1395754466682275
442.19818115234375,0.24166666666666667,1,1,0.5335785170510589,1.2270078124999997,0.977364407103215,6.131498639959462
442.69818115234375,0.9666666666666667,1,1,0.5392425795510589,1.2270078125,0.984204255935122,6.133703635769955
443.19818115234375,0.9666666666666667,1,1,0.5430186212177256,1.2270078124999997,0.9887669955094122,6.135804404540485
444.19818115234375,0.48333333333333334,1,1,0.5430186212177256,1.2270078124999997,0.9887669955094122,6.1376943467827685
445.19818115234375,0.48333333333333334,1.6,1,0.5449066420510589,1.2316953124999996,0.9942126489358908,6.139876493154553
446.19818115234375,0.48333333333333334,1,1,0.5449066420510589,1.2316953124999999,0.9942126489358909,6.131887334014456
447.19818115234375,0.48333333333333334,1.6,1,0.5563009200235878,1.5262890625,1.211649400416102,6.144753820972499
448.19818115234375,0.24166666666666667,1,1,0.5430186212177255,1.2316953124999999,0.9919266877240868,6.137170729544853
448.69818115234375,0.9666666666666667,1,1,0.5600769616902543,1.5262890624999998,1.2167252572154246,6.150275147290362
449.19818115234375,0.48333333333333334,1,1,0.5430186212177255,1.2316953124999999,0.9919266877240868,6.152736113973264
449.69818115234375,0.48333333333333334,1.75,1.5,0.5600769616902543,1.538984375,1.225649021875505,6.166152815069514
450.19818115234375,0.9666666666666667,1.75,1,0.5638530033569209,1.538984375,1.2307463041265931,6.170174382108457
451.19818115234375,0.24166666666666667,1,1,0.5411306003843921,1.2316953124999999,0.9896413139483163,6.172719043052507
453.19818115234375,0.24166666666666667,1,1,0.5392425795510588,1.2316953124999999,0.9873565112388972,6.165583554233583
453.44818115234375,0.14871794871794872,1,1,0.5612388206646133,1.5271093749999998,1.218863558700293,6.179011966656665
453.69818115234375,0.9666666666666667,1,1,0.5430186212177255,1.2316953124999999,0.9919266877240868,6.181591060494793
453.94818115234375,0.9666666666666667,1.75,1,0.5680356956646132,1.5271093749999998,1.2279983860293622,6.195422826054075
454.19818115234375,0.9666666666666667,1,1,0.5467946628843922,1.2270078125,0.9933321605446358,6.189211709881098
454.69818115234375,0.9666666666666667,1,1,0.5518293851066143,1.2270078125,0.9994230420831289,6.1837281788987815
455.19818115234375,0.48333333333333334,1.75,1,0.5768464595535022,1.5282812499999998,1.2406669371696024,6.198199355601876
456.19818115234375,0.3222222222222222,1,1,0.5505707045510587,1.2270078125,0.9978998796148977,6.19264442637886
457.19818115234375,0.48333333333333334,1,1,0.5505707045510587,1.2270078125,0.9978998796148977,6.195735897259077
458.19818115234375,0.48333333333333334,1,1,0.5505707045510587,1.2270078125,0.9978998796148977,6.19018096803606
459.19818115234375,0.48333333333333334,1.3,1.5,0.553507625847355,1.2344296874999998,1.006490264397325,6.193886362325178
460.19818115234375,0.48333333333333334,1,1,0.5557732508473551,1.2217343749999998,1.0006177861977337,6.188421963225805
461.69818115234375,0.3222222222222222,1.6,1,0.5557732508473551,1.2178281249999998,0.9979677800740444,6.191939049748107
462.19818115234375,0.9666666666666667,1.6,1,0.5595492925140216,1.222515625,1.0057154702447675,6.186713604588439
463.19818115234375,0.48333333333333334,1,1,0.5595492925140217,1.222515625,1.0057154702447677,6.19080498961773
464.19818115234375,0.48333333333333334,1,1,0.5595492925140217,1.222515625,1.0057154702447677,6.1855426697996965
465.19818115234375,0.48333333333333334,1.6,1,0.5595492925140217,1.227203125,1.0089048237117386,6.189632757434859
466.19818115234375,0.48333333333333334,1,1,0.5608079730695773,1.222515625,1.0072386429670257,6.184589317481377
466.69818115234375,0.9666666666666667,1.75,1,0.5768464595535023,1.5246874999999998,1.2381136929426995,6.199567017847196
467.19818115234375,0.48333333333333334,1,1,0.5570319314029105,1.213921875,0.996837092277631,6.193851646498793
467.69818115234375,0.9666666666666667,1,1,0.5608079730695773,1.213921875,1.0013927356278791,6.197662796790366
468.19818115234375,0.9666666666666667,1,1,0.564584014736244,1.209234375,1.0027590728355456,6.192135724230284
469.19818115234375,0.48333333333333334,1,1,0.5768464595535023,1.5188281249999998,1.2339524125429262,6.206496723950805
470.19818115234375,0.24166666666666667,1.75,1.5,0.5626959939029107,1.2219296874999999,1.0091247955998897,6.201031421053357
471.19818115234375,0.48333333333333334,1.75,1.2,0.5626959939029107,1.2305234375,1.0149837948969533,6.205057965985695
472.19818115234375,0.48333333333333334,1.6,1,0.5626959939029107,1.2352109374999998,1.0181826050790146,6.2000172479075815
473.19818115234375,0.48333333333333334,1.6,1,0.558919952236244,1.2352109375,1.0135934907920476,6.203978622335002
473.69818115234375,0.9666666666666667,1,1,0.558919952236244,1.2352109375,1.0135934907920476,6.198959413116631
474.19818115234375,0.24166666666666667,1,1,0.5768464595535024,1.5019531249999998,1.2219793017134677,6.212688872430993
474.69818115234375,0.9666666666666667,1.75,1,0.5768464595535024,1.5019531249999998,1.2219793017134677,6.2173588558711215
475.19818115234375,0.9666666666666667,1.75,1.2,0.5768464595535024,1.5105468749999995,1.2280745915984785,6.231268564568474
476.19818115234375,0.1933333333333333,1.3,1.2,0.5585423480695774,1.2268906249999998,1.007472084336235,6.225883522194044
477.19818115234375,0.48333333333333334,1.3,3.0,0.5585423480695773,1.2495468749999998,1.0229066513282177,6.230386899158222
478.19818115234375,0.48333333333333334,1.6,1,0.5585423480695773,1.249859375,1.0231198731845406,6.225735346886056
479.19818115234375,0.48333333333333334,1,1,0.5585423480695773,1.245171875,1.0199224802808624,6.23009884083239
480.19818115234375,0.48333333333333334,1,1,0.5547663064029107,1.245171875,1.015321180031163,6.22508172481866
480.69818115234375,0.9666666666666667,1.75,1,0.5787344803868358,1.5393554687499995,1.2510857996124007,6.24028099935866
481.19818115234375,0.48333333333333334,1,1,0.5570319314029106,1.245171875,1.018081648468703,6.2359161149702835
482.19818115234375,0.48333333333333334,1,1,0.5570319314029107,1.222515625,1.002670134285944,6.239611474384968
482.69818115234375,0.9666666666666667,1.75,1,0.586349497747947,1.5301757812499994,1.2547873399343994,6.246137294082108
483.19818115234375,0.48333333333333334,1,1,0.5570319314029106,1.218140625,0.9996996964240662,6.249482548366591
483.44818115234375,0.6444444444444444,1,1,0.5888668588590581,1.5301757812499994,1.2581705472663687,6.2566504571558585
483.69818115234375,0.9666666666666667,1,1,0.5608079730695773,1.213453125,1.0010740760269186,6.260124515408323
483.94818115234375,0.9666666666666667,1.75,1,0.5926429005257248,1.5360351562499994,1.2674523239940807,6.267425265423962
